66.067,1,67.491,9
0.008719,2,67.491,10
66.067,1,133.57,18
0.00223,2,133.57,18
66.067,1,199.64,25
0.001006,2,199.64,26
66.067,1,265.71,33
0.000236,2,265.71,33
66.067,1,331.77,38
0.000565,2,331.77,39
66.067,1,397.84,41
0.000221,2,397.84,41
66.067,1,463.91,49
0.000425,2,463.91,50
66.067,1,529.98,55
0.000236,2,529.98,55
66.067,1,596.04,65
0.000275,2,596.04,66
66.067,1,662.11,74
0.000252,2,662.11,74
66.067,1,728.18,82
0.000695,2,728.18,82
66.067,1,794.25,92
0.000292,2,794.25,92
66.067,1,860.31,102
0.000282,2,860.31,103
66.067,1,926.38,113
0.000209,2,926.38,113
66.067,1,992.45,120
0.00016,2,992.45,121
66.067,1,1058.5,130
0.000221,2,1058.5,130
66.067,1,1124.6,136
0.000322,2,1124.6,136
66.067,1,1190.7,142
0.00018,2,1190.7,142
66.067,1,1256.7,145
0.00023,2,1256.7,145
66.067,1,1322.8,147
0.000342,2,1322.8,147
66.067,1,1388.9,150
0.00057,2,1388.9,151
66.067,1,1454.9,157
0.000217,2,1454.9,157
66.067,1,1521,163
0.000195,2,1521,164
66.067,1,1587.1,171
0.000232,2,1587.1,171
66.067,1,1653.1,176
0.00033,2,1653.1,177
66.067,1,1719.2,182
0.000316,2,1719.2,182
66.067,1,1785.3,187
0.000222,2,1785.3,188
66.067,1,1851.3,194
0.000196,2,1851.3,194
66.067,1,1917.4,200
0.000189,2,1917.4,201
66.067,1,1983.5,205
0.00021,2,1983.5,205
66.067,1,2049.5,206
0.000248,2,2049.5,206
66.067,1,2115.6,209
0.000185,2,2115.6,209
66.067,1,2181.7,213
0.000188,2,2181.7,214
66.067,1,2247.7,218
0.000188,2,2247.7,218
66.067,1,2313.8,222
0.000308,2,2313.8,223
66.067,1,2379.9,226
0.000166,2,2379.9,226
66.067,1,2445.9,230
0.000162,2,2445.9,231
66.067,1,2512,236
0.000171,2,2512,236
66.067,1,2578.1,241
0.000197,2,2578.1,242
66.067,1,2644.1,246
0.000239,2,2644.1,246
66.067,1,2710.2,252
0.000225,2,2710.2,253
66.067,1,2776.3,257
0.000976,2,2776.3,257
66.067,1,2842.3,261
0.000201,2,2842.3,262
66.067,1,2908.4,264
0.000195,2,2908.4,264
66.067,1,2974.5,264
0.000382,2,2974.5,265
66.067,1,3040.5,265
0.00021,2,3040.5,265
66.067,1,3106.6,266
0.000205,2,3106.6,266
66.067,1,3172.7,267
0.000184,2,3172.7,267
66.067,1,3238.7,267
0.000222,2,3238.7,268
66.067,1,3304.8,269
0.000392,2,3304.8,269
66.067,1,3370.9,269
0.000207,2,3370.9,270
66.067,1,3436.9,275
0.000201,2,3436.9,275
66.067,1,3503,278
0.000189,2,3503,279
66.067,1,3569.1,282
0.00017,2,3569.1,282
66.067,1,3635.1,287
0.000199,2,3635.1,288
66.067,1,3701.2,293
0.00034,2,3701.2,293
66.067,1,3767.3,297
0.000216,2,3767.3,298
66.067,1,3833.3,300
0.000198,2,3833.3,300
66.067,1,3899.4,302
0.000186,2,3899.4,303
66.067,1,3965.5,305
0.000179,2,3965.5,305
66.067,1,4031.6,308
0.000403,2,4031.6,309
66.067,1,4097.6,310
0.000193,2,4097.6,310
66.067,1,4163.7,312
0.000208,2,4163.7,313
66.067,1,4229.8,315
0.000186,2,4229.8,315
66.067,1,4295.8,317
0.000214,2,4295.8,318
66.067,1,4361.9,321
0.000346,2,4361.9,321
66.067,1,4428,322
0.000216,2,4428,323
66.067,1,4494,324
0.000208,2,4494,324
66.067,1,4560.1,326
0.00019,2,4560.1,327
66.067,1,4626.2,328
0.000169,2,4626.2,328
66.067,1,4692.2,329
0.000142,2,4692.2,330
66.067,1,4758.3,333
0.000304,2,4758.3,333
66.067,1,4824.4,335
0.000164,2,4824.4,336
66.067,1,4890.4,337
0.000124,2,4890.4,337
66.067,1,4956.5,339
0.00014,2,4956.5,340
66.067,1,5022.6,344
0.000128,2,5022.6,344
66.067,1,5088.6,347
0.000281,2,5088.6,348
66.067,1,5154.7,350
0.000164,2,5154.7,350
66.067,1,5220.8,350
0.000122,2,5220.8,351
66.067,1,5286.8,352
0.000125,2,5286.8,352
66.067,1,5352.9,353
0.000149,2,5352.9,354
66.067,1,5419,355
0.000323,2,5419,355
66.067,1,5485,356
0.00017,2,5485,357
66.067,1,5551.1,357
0.00015,2,5551.1,357
66.067,1,5617.2,359
0.000141,2,5617.2,360
66.067,1,5683.2,361
0.000145,2,5683.2,361
66.067,1,5749.3,362
0.000173,2,5749.3,363
66.067,1,5815.4,363
0.0003,2,5815.4,363
66.067,1,5881.4,363
0.000169,2,5881.4,364
66.067,1,5947.5,364
0.000139,2,5947.5,364
66.067,1,6013.6,365
0.000176,2,6013.6,366
66.067,1,6079.6,368
0.000134,2,6079.6,368
66.067,1,6145.7,369
0.000289,2,6145.7,370
66.067,1,6211.8,372
0.000206,2,6211.8,372
66.067,1,6277.8,374
0.000302,2,6277.8,375
66.067,1,6343.9,376
0.000196,2,6343.9,376
66.067,1,6410,377
0.000287,2,6410,378
66.067,1,6476,380
0.000151,2,6476,380
66.067,1,6542.1,382
0.000218,2,6542.1,383
66.067,1,6608.2,385
0.000182,2,6608.2,385
66.067,1,6674.2,385
0.000192,2,6674.2,386
66.067,1,6740.3,387
0.000158,2,6740.3,387
66.067,1,6806.4,388
0.000261,2,6806.4,389
66.067,1,6872.4,389
0.000272,2,6872.4,389
66.067,1,6938.5,390
0.000189,2,6938.5,391
66.067,1,7004.6,392
0.00031,2,7004.6,392
66.067,1,7070.6,392
0.000322,2,7070.6,393
66.067,1,7136.7,396
0.000373,2,7136.7,396
66.067,1,7202.8,396
0.000202,2,7202.8,397
66.067,1,7268.9,397
0.000176,2,7268.9,397
66.067,1,7334.9,399
0.000155,2,7334.9,400
66.067,1,7401,404
0.00035,2,7401,404
66.067,1,7467.1,408
0.000219,2,7467.1,409
66.067,1,7533.1,413
0.000206,2,7533.1,413
66.067,1,7599.2,416
0.000286,2,7599.2,416
66.067,1,7665.3,419
0.000193,2,7665.3,419
66.067,1,7731.3,422
0.000166,2,7731.3,423
66.067,1,7797.4,423
0.000339,2,7797.4,423
66.067,1,7863.5,424
0.000195,2,7863.5,425
66.067,1,7929.5,428
0.000182,2,7929.5,428
66.067,1,7995.6,430
0.000288,2,7995.6,431
66.067,1,8061.7,433
0.000157,2,8061.7,433
66.067,1,8127.7,434
0.000148,2,8127.7,435
66.067,1,8193.8,436
0.000155,2,8193.8,436
66.067,1,8259.9,437
0.000393,2,8259.9,438
66.067,1,8325.9,439
0.000167,2,8325.9,439
66.067,1,8392,440
0.000169,2,8392,441
66.067,1,8458.1,442
0.00016,2,8458.1,442
66.067,1,8524.1,443
0.000298,2,8524.1,444
66.067,1,8590.2,446
0.00015,2,8590.2,446
66.067,1,8656.3,448
0.000176,2,8656.3,449
66.067,1,8722.3,450
0.000292,2,8722.3,450
66.067,1,8788.4,451
0.000159,2,8788.4,452
66.067,1,8854.5,454
0.00016,2,8854.5,454
66.067,1,8920.5,455
0.000157,2,8920.5,456
66.067,1,8986.6,459
0.000277,2,8986.6,459
66.067,1,9052.7,460
0.000211,2,9052.7,461
66.067,1,9118.7,462
0.000156,2,9118.7,462
66.067,1,9184.8,464
0.000231,2,9184.8,465
66.067,1,9250.9,466
0.000249,2,9250.9,466
66.067,1,9316.9,467
0.000186,2,9316.9,468
66.067,1,9383,468
0.000185,2,9383,468
66.067,1,9449.1,469
0.000309,2,9449.1,470
66.067,1,9515.1,470
0.000178,2,9515.1,470
66.067,1,9581.2,471
0.000159,2,9581.2,472
66.067,1,9647.3,473
0.000158,2,9647.3,473
66.067,1,9713.3,474
0.000314,2,9713.3,475
66.067,1,9779.4,475
0.000175,2,9779.4,475
66.067,1,9845.5,476
0.000187,2,9845.5,477
66.067,1,9911.5,478
0.000284,2,9911.5,478
66.067,1,9977.6,480
0.000173,2,9977.6,481
66.067,1,10044,481
0.000172,2,10044,481
66.067,1,10110,482
0.000197,2,10110,483
66.067,1,10176,483
0.000402,2,10176,483
66.067,1,10242,484
0.000239,2,10242,485
66.067,1,10308,485
0.000162,2,10308,485
66.067,1,10374,485
0.000195,2,10374,486
66.067,1,10440,487
0.000286,2,10440,487
66.067,1,10506,488
0.000203,2,10506,489
66.067,1,10572,490
0.000164,2,10572,490
66.067,1,10638,491
0.000316,2,10638,492
66.067,1,10704,493
0.000175,2,10704,493
66.067,1,10770,494
0.000163,2,10770,495
66.067,1,10836,496
0.000192,2,10836,496
66.067,1,10903,497
0.000339,2,10903,498
66.067,1,10969,499
0.000169,2,10969,499
66.067,1,11035,500
0.000183,2,11035,501
66.067,1,11101,501
0.00021,2,11101,501
66.067,1,11167,502
0.000359,2,11167,502
66.067,1,11233,502
0.000186,2,11233,502
66.067,1,11299,504
0.000165,2,11299,505
66.067,1,11365,507
0.000173,2,11365,507
66.067,1,11431,511
0.000323,2,11431,512
66.067,1,11497,513
0.000176,2,11497,513
66.067,1,11563,514
0.000161,2,11563,515
66.067,1,11629,517
0.000173,2,11629,517
66.067,1,11695,518
0.000369,2,11695,519
66.067,1,11761,519
0.000165,2,11761,519
66.067,1,11827,520
0.000201,2,11827,521
66.067,1,11894,521
0.000148,2,11894,521
66.067,1,11960,522
0.000195,2,11960,523
66.067,1,12026,524
0.000347,2,12026,524
66.067,1,12092,526
0.000177,2,12092,527
66.067,1,12158,527
0.00016,2,12158,527
66.067,1,12224,527
0.000234,2,12224,528
66.067,1,12290,528
0.000343,2,12290,528
66.067,1,12356,530
0.000189,2,12356,531
66.067,1,12422,532
0.000185,2,12422,532
66.067,1,12488,533
0.000426,2,12488,534
66.067,1,12554,534
0.000169,2,12554,534
66.067,1,12620,535
0.000174,2,12620,536
66.067,1,12686,537
0.000287,2,12686,537
66.067,1,12752,538
0.000298,2,12752,539
66.067,1,12819,540
0.000169,2,12819,540
66.067,1,12885,541
0.000184,2,12885,542
66.067,1,12951,542
0.000192,2,12951,542
66.067,1,13017,544
0.00031,2,13017,545
66.067,1,13083,546
0.000202,2,13083,546
66.067,1,13149,548
0.00016,2,13149,549
66.067,1,13215,550
0.000269,2,13215,550
66.067,1,13281,551
0.000176,2,13281,552
66.067,1,13347,553
0.000152,2,13347,553
66.067,1,13413,554
0.000181,2,13413,555
66.067,1,13479,557
0.00031,2,13479,557
66.067,1,13545,558
0.000205,2,13545,559
66.067,1,13611,560
0.000161,2,13611,560
66.067,1,13677,562
0.000166,2,13677,563
66.067,1,13743,563
0.000316,2,13743,563
66.067,1,13810,564
0.000261,2,13810,565
66.067,1,13876,566
0.000199,2,13876,566
66.067,1,13942,566
0.000361,2,13942,567
66.067,1,14008,567
0.000195,2,14008,567
66.067,1,14074,567
0.000183,2,14074,568
66.067,1,14140,569
0.000185,2,14140,569
66.067,1,14206,569
0.000417,2,14206,570
66.067,1,14272,571
0.000205,2,14272,571
66.067,1,14338,571
0.000204,2,14338,572
66.067,1,14404,573
0.000291,2,14404,573
66.067,1,14470,574
0.000229,2,14470,575
66.067,1,14536,575
0.000167,2,14536,575
66.067,1,14602,576
0.0004,2,14602,577
66.067,1,14668,578
0.000191,2,14668,578
66.067,1,14734,578
0.00017,2,14734,579
66.067,1,14801,579
0.000182,2,14801,579
66.067,1,14867,579
0.000348,2,14867,580
66.067,1,14933,580
0.000194,2,14933,580
66.067,1,14999,581
0.00017,2,14999,582
66.067,1,15065,582
0.000387,2,15065,582
66.067,1,15131,582
0.000221,2,15131,583
66.067,1,15197,583
0.00019,2,15197,583
66.067,1,15263,583
0.000195,2,15263,584
66.067,1,15329,584
0.000169,2,15329,584
66.067,1,15395,584
0.000358,2,15395,585
66.067,1,15461,585
0.000241,2,15461,585
66.067,1,15527,585
0.000179,2,15527,586
66.067,1,15593,587
0.000195,2,15593,587
66.067,1,15659,587
0.000334,2,15659,588
66.067,1,15725,590
0.000171,2,15725,590
66.067,1,15792,591
0.000223,2,15792,592
66.067,1,15858,593
0.000362,2,15858,593
66.067,1,15924,594
0.000208,2,15924,595
66.067,1,15990,595
0.000177,2,15990,595
66.067,1,16056,596
0.000219,2,16056,597
66.067,1,16122,598
0.000304,2,16122,598
66.067,1,16188,598
0.00019,2,16188,599
66.067,1,16254,599
0.000194,2,16254,599
66.067,1,16320,600
0.000275,2,16320,601
66.067,1,16386,602
0.000172,2,16386,602
66.067,1,16452,603
0.000214,2,16452,604
66.067,1,16518,605
0.000226,2,16518,605
66.067,1,16584,606
0.000398,2,16584,607
66.067,1,16650,608
0.000201,2,16650,608
66.067,1,16716,609
0.000199,2,16716,610
66.067,1,16783,611
0.000345,2,16783,611
66.067,1,16849,612
0.000185,2,16849,613
66.067,1,16915,614
0.000176,2,16915,614
66.067,1,16981,616
0.000164,2,16981,617
66.067,1,17047,617
0.000372,2,17047,617
66.067,1,17113,617
0.000209,2,17113,618
66.067,1,17179,620
0.000161,2,17179,620
66.067,1,17245,622
0.000191,2,17245,623
66.067,1,17311,623
0.000359,2,17311,623
66.067,1,17377,623
0.000216,2,17377,624
66.067,1,17443,625
0.000173,2,17443,625
66.067,1,17509,625
0.000223,2,17509,626
66.067,1,17575,627
0.000293,2,17575,627
66.067,1,17641,627
0.000225,2,17641,628
66.067,1,17707,628
0.000185,2,17707,628
66.067,1,17774,629
0.000192,2,17774,630
66.067,1,17840,631
0.000275,2,17840,631
66.067,1,17906,631
0.0002,2,17906,632
66.067,1,17972,632
0.000184,2,17972,632
66.067,1,18038,632
0.000422,2,18038,633
66.067,1,18104,633
0.000163,2,18104,633
66.067,1,18170,633
0.000216,2,18170,634
66.067,1,18236,635
0.000352,2,18236,635
66.067,1,18302,636
0.000204,2,18302,637
66.067,1,18368,637
0.000159,2,18368,637
66.067,1,18434,638
0.000192,2,18434,639
66.067,1,18500,639
0.000343,2,18500,639
66.067,1,18566,641
0.000211,2,18566,642
66.067,1,18632,644
0.000172,2,18632,644
66.067,1,18699,644
0.000187,2,18699,645
66.067,1,18765,646
0.000282,2,18765,646
66.067,1,18831,646
0.00023,2,18831,647
66.067,1,18897,648
0.000193,2,18897,648
66.067,1,18963,649
0.000374,2,18963,650
66.067,1,19029,650
0.000199,2,19029,650
66.067,1,19095,651
0.000191,2,19095,652
66.067,1,19161,654
0.000333,2,19161,654
66.067,1,19227,655
0.000185,2,19227,656
66.067,1,19293,658
0.000184,2,19293,658
66.067,1,19359,660
0.000341,2,19359,661
66.067,1,19425,662
0.000204,2,19425,662
66.067,1,19491,665
0.000185,2,19491,666
66.067,1,19557,666
0.000186,2,19557,666
66.067,1,19623,667
0.000325,2,19623,668
66.067,1,19690,668
0.000191,2,19690,668
66.067,1,19756,669
0.000489,2,19756,670
66.067,1,19822,671
0.000888,2,19822,671
66.067,1,19888,673
0.00019,2,19888,674
66.067,1,19954,676
0.000154,2,19954,676
66.067,1,20020,677
0.000186,2,20020,678
66.067,1,20086,679
0.000297,2,20086,679
66.067,1,20152,680
0.000206,2,20152,681
66.067,1,20218,681
0.000182,2,20218,681
66.067,1,20284,682
0.000323,2,20284,683
66.067,1,20350,683
0.000159,2,20350,683
66.067,1,20416,683
0.000198,2,20416,684
66.067,1,20482,684
0.000175,2,20482,684
66.067,1,20548,685
0.00029,2,20548,686
66.067,1,20614,687
0.000192,2,20614,687
66.067,1,20681,687
0.000237,2,20681,688
66.067,1,20747,689
0.00028,2,20747,689
66.067,1,20813,690
0.000192,2,20813,691
66.067,1,20879,691
0.000146,2,20879,691
66.067,1,20945,692
0.000227,2,20945,693
66.067,1,21011,693
0.000317,2,21011,693
66.067,1,21077,693
0.000214,2,21077,694
66.067,1,21143,695
0.000211,2,21143,695
66.07,1,21209,696
0.000259,2,21209,697
66.067,1,21275,698
0.0002,2,21275,698
66.067,1,21341,699
0.000159,2,21341,700
66.067,1,21407,701
0.000161,2,21407,701
66.067,1,21473,702
0.000244,2,21473,703
66.067,1,21539,704
0.000242,2,21539,704
66.067,1,21605,705
0.000217,2,21605,706
66.067,1,21672,707
0.000404,2,21672,707
66.067,1,21738,707
0.000193,2,21738,708
66.067,1,21804,709
0.000163,2,21804,709
66.067,1,21870,709
0.000196,2,21870,710
66.067,1,21936,711
0.000255,2,21936,711
66.067,1,22002,712
0.000202,2,22002,713
66.067,1,22068,714
0.000169,2,22068,714
66.067,1,22134,715
0.000316,2,22134,716
66.067,1,22200,717
0.000149,2,22200,717
66.067,1,22266,718
0.000156,2,22266,719
66.067,1,22332,720
0.000197,2,22332,720
66.067,1,22398,722
0.000369,2,22398,723
66.067,1,22464,724
0.000191,2,22464,724
66.067,1,22530,726
0.000152,2,22530,727
66.067,1,22596,729
0.000247,2,22596,729
66.067,1,22663,731
0.000171,2,22663,732
66.067,1,22729,734
0.000185,2,22729,734
66.067,1,22795,736
0.000178,2,22795,737
66.067,1,22861,739
0.000276,2,22861,739
66.067,1,22927,741
0.000171,2,22927,742
66.067,1,22993,743
0.000193,2,22993,743
66.067,1,23059,744
0.000271,2,23059,745
66.067,1,23125,745
0.000207,2,23125,745
66.067,1,23191,748
0.000155,2,23191,749
66.067,1,23257,750
0.000338,2,23257,750
66.067,1,23323,752
0.000185,2,23323,753
66.067,1,23389,754
0.000168,2,23389,754
66.067,1,23455,756
0.000225,2,23455,757
66.067,1,23521,759
0.000248,2,23521,759
66.067,1,23587,760
0.00024,2,23587,761
66.067,1,23654,762
0.000142,2,23654,762
66.067,1,23720,765
0.000193,2,23720,766
66.067,1,23786,768
0.000267,2,23786,768
66.067,1,23852,769
0.000211,2,23852,770
66.067,1,23918,772
0.000143,2,23918,772
66.067,1,23984,773
0.000188,2,23984,774
66.067,1,24050,776
0.00027,2,24050,776
66.067,1,24116,778
0.000174,2,24116,779
66.067,1,24182,780
0.000256,2,24182,780
66.067,1,24248,781
0.000269,2,24248,782
66.067,1,24314,785
0.000189,2,24314,785
66.067,1,24380,787
0.000161,2,24380,788
66.067,1,24446,789
0.000259,2,24446,789
66.067,1,24512,790
0.000273,2,24512,791
66.067,1,24579,793
0.000173,2,24579,793
66.067,1,24645,796
0.000168,2,24645,797
66.067,1,24711,798
0.000265,2,24711,798
66.067,1,24777,800
0.000213,2,24777,801
66.067,1,24843,802
0.000177,2,24843,802
66.067,1,24909,804
0.000161,2,24909,805
66.067,1,24975,808
0.000267,2,24975,808
66.067,1,25041,810
0.000173,2,25041,811
66.067,1,25107,813
0.000149,2,25107,813
66.067,1,25173,814
0.000267,2,25173,815
66.067,1,25239,817
0.000162,2,25239,817
66.067,1,25305,819
0.000157,2,25305,820
66.067,1,25371,822
0.00018,2,25371,822
66.067,1,25437,825
0.000299,2,25437,826
66.067,1,25503,828
0.000209,2,25503,828
66.067,1,25570,829
0.000176,2,25570,830
66.067,1,25636,831
0.000255,2,25636,831
66.067,1,25702,833
0.000174,2,25702,834
66.067,1,25768,835
0.000175,2,25768,835
66.067,1,25834,836
0.000182,2,25834,837
66.067,1,25900,838
0.00032,2,25900,838
66.067,1,25966,840
0.000196,2,25966,841
66.067,1,26032,843
0.000202,2,26032,843
66.067,1,26098,844
0.000319,2,26098,845
66.067,1,26164,846
0.000153,2,26164,846
66.067,1,26230,847
0.000211,2,26230,848
66.067,1,26296,850
0.000184,2,26296,850
66.067,1,26362,851
0.000319,2,26362,852
66.067,1,26428,854
0.000194,2,26428,854
66.067,1,26494,857
0.000215,2,26494,858
66.067,1,26561,862
0.000265,2,26561,862
66.067,1,26627,865
0.000199,2,26627,866
66.067,1,26693,869
0.000143,2,26693,869
66.067,1,26759,872
0.000237,2,26759,873
66.067,1,26825,877
0.000288,2,26825,877
66.067,1,26891,880
0.000201,2,26891,881
66.067,1,26957,884
0.000176,2,26957,884
66.067,1,27023,888
0.000274,2,27023,889
66.067,1,27089,892
0.000197,2,27089,892
66.067,1,27155,893
0.000184,2,27155,894
66.067,1,27221,895
0.00016,2,27221,895
66.067,1,27287,897
0.000346,2,27287,898
66.067,1,27353,901
0.00018,2,27353,901
66.067,1,27419,903
0.000216,2,27419,904
66.067,1,27485,905
0.000319,2,27485,905
66.067,1,27552,908
0.000221,2,27552,909
66.067,1,27618,910
0.000178,2,27618,910
66.067,1,27684,911
0.000217,2,27684,912
66.067,1,27750,913
0.000379,2,27750,913
66.067,1,27816,913
0.00017,2,27816,914
66.067,1,27882,915
0.000159,2,27882,915
66.067,1,27948,915
0.000394,2,27948,916
66.067,1,28014,917
0.000201,2,28014,917
66.067,1,28080,917
0.000176,2,28080,918
66.067,1,28146,919
0.000192,2,28146,919
66.067,1,28212,919
0.000362,2,28212,920
66.067,1,28278,920
0.000183,2,28278,920
66.067,1,28344,921
0.000193,2,28344,922
66.067,1,28410,923
0.000165,2,28410,923
66.067,1,28476,924
0.000223,2,28476,925
66.067,1,28543,925
0.000311,2,28543,925
66.067,1,28609,925
0.000209,2,28609,926
66.067,1,28675,927
0.000149,2,28675,927
66.067,1,28741,929
0.00029,2,28741,930
66.067,1,28807,930
0.000426,2,28807,930
66.067,1,28873,931
0.000214,2,28873,932
66.067,1,28939,932
0.000198,2,28939,932
66.067,1,29005,933
0.000338,2,29005,934
66.067,1,29071,935
0.00018,2,29071,935
66.067,1,29137,937
0.000178,2,29137,938
66.067,1,29203,938
0.000181,2,29203,938
66.067,1,29269,939
0.000359,2,29269,940
66.067,1,29335,940
0.000205,2,29335,940
66.067,1,29401,941
0.000187,2,29401,942
66.067,1,29467,942
0.000213,2,29467,942
66.067,1,29534,943
0.000358,2,29534,944
66.067,1,29600,944
0.000218,2,29600,944
66.067,1,29666,944
0.000163,2,29666,945
66.067,1,29732,946
0.000204,2,29732,946
66.067,1,29798,948
0.000278,2,29798,949
66.067,1,29864,950
0.000219,2,29864,950
66.067,1,29930,950
0.000399,2,29930,951
66.067,1,29996,951
0.00021,2,29996,951
66.067,1,30062,952
0.000202,2,30062,953
66.067,1,30128,954
0.000195,2,30128,954
66.067,1,30194,954
0.000346,2,30194,955
66.067,1,30260,956
0.000155,2,30260,956
66.067,1,30326,956
0.000185,2,30326,957
66.067,1,30392,958
0.00041,2,30392,958
66.067,1,30458,958
0.000191,2,30458,959
66.067,1,30525,959
0.000163,2,30525,959
66.067,1,30591,959
0.000188,2,30591,960
66.067,1,30657,961
0.000288,2,30657,961
66.067,1,30723,961
0.000186,2,30723,962
66.067,1,30789,962
0.000167,2,30789,962
66.067,1,30855,962
0.000201,2,30855,963
66.067,1,30921,964
0.00026,2,30921,964
66.067,1,30987,964
0.000191,2,30987,965
66.067,1,31053,965
0.000188,2,31053,965
66.067,1,31119,965
0.000369,2,31119,966
66.067,1,31185,967
0.000157,2,31185,967
66.067,1,31251,971
0.000203,2,31251,972
66.067,1,31317,974
0.000245,2,31317,974
66.067,1,31383,977
0.00017,2,31383,978
66.067,1,31450,980
0.000157,2,31450,980
66.067,1,31516,981
0.000192,2,31516,982
66.067,1,31582,984
0.000333,2,31582,984
66.067,1,31648,985
0.000207,2,31648,986
66.067,1,31714,987
0.000195,2,31714,987
66.067,1,31780,989
0.000188,2,31780,990
66.067,1,31846,992
0.000301,2,31846,992
66.067,1,31912,993
0.000203,2,31912,994
66.067,1,31978,995
0.000178,2,31978,995
66.067,1,32044,996
0.000414,2,32044,997
66.067,1,32110,998
0.000186,2,32110,998
66.067,1,32176,1000
0.000148,2,32176,1001
66.067,1,32242,1002
0.000235,2,32242,1002
66.067,1,32308,1003
0.000306,2,32308,1004
66.067,1,32374,1007
0.000192,2,32374,1007
66.067,1,32441,1008
0.00021,2,32441,1009
66.067,1,32507,1009
0.00028,2,32507,1009
66.067,1,32573,1012
0.000182,2,32573,1013
66.067,1,32639,1013
0.000205,2,32639,1013
66.067,1,32705,1013
0.000232,2,32705,1014
66.067,1,32771,1016
0.000269,2,32771,1016
66.067,1,32837,1017
0.000162,2,32837,1018
66.067,1,32903,1019
0.000199,2,32903,1019
66.067,1,32969,1019
0.000374,2,32969,1020
66.067,1,33035,1021
0.0002,2,33035,1021
66.067,1,33101,1022
0.0002,2,33101,1023
66.067,1,33167,1023
0.000211,2,33167,1023
66.067,1,33233,1025
0.000308,2,33233,1026
66.067,1,33299,1028
0.000176,2,33299,1028
66.067,1,33365,1030
0.000163,2,33365,1031
66.067,1,33432,1032
0.000328,2,33432,1032
66.067,1,33498,1032
0.000186,2,33498,1033
66.067,1,33564,1034
0.00014,2,33564,1034
66.067,1,33630,1035
0.000173,2,33630,1036
66.067,1,33696,1036
0.000267,2,33696,1036
66.067,1,33762,1037
0.000189,2,33762,1038
66.067,1,33828,1038
0.000158,2,33828,1038
66.067,1,33894,1039
0.000205,2,33894,1040
66.067,1,33960,1041
0.00028,2,33960,1041
66.067,1,34026,1043
0.000213,2,34026,1044
66.067,1,34092,1046
0.000145,2,34092,1046
66.067,1,34158,1046
0.000164,2,34158,1047
66.067,1,34224,1048
0.00026,2,34224,1048
66.067,1,34290,1050
0.000175,2,34290,1051
66.067,1,34356,1052
0.000157,2,34356,1052
66.067,1,34423,1054
0.000334,2,34423,1055
66.067,1,34489,1055
0.000158,2,34489,1055
66.067,1,34555,1056
0.000176,2,34555,1057
66.067,1,34621,1059
0.000161,2,34621,1059
66.067,1,34687,1060
0.00032,2,34687,1061
66.067,1,34753,1062
0.000177,2,34753,1062
66.067,1,34819,1063
0.000163,2,34819,1064
66.067,1,34885,1065
0.00016,2,34885,1065
66.067,1,34951,1065
0.000341,2,34951,1066
66.067,1,35017,1067
0.000203,2,35017,1067
66.067,1,35083,1068
0.000194,2,35083,1069
66.067,1,35149,1070
0.000195,2,35149,1070
66.067,1,35215,1070
0.000276,2,35215,1071
66.067,1,35281,1072
0.000188,2,35281,1072
66.067,1,35347,1073
0.000159,2,35347,1074
66.067,1,35414,1075
0.000165,2,35414,1075
66.067,1,35480,1075
0.000344,2,35480,1076
66.067,1,35546,1077
0.000163,2,35546,1077
66.067,1,35612,1077
0.000206,2,35612,1078
66.067,1,35678,1078
0.00037,2,35678,1078
66.067,1,35744,1078
0.000195,2,35744,1079
66.067,1,35810,1080
0.000178,2,35810,1080
66.067,1,35876,1080
0.000186,2,35876,1081
66.067,1,35942,1082
0.00039,2,35942,1082
66.067,1,36008,1082
0.000192,2,36008,1083
66.067,1,36074,1083
0.000167,2,36074,1083
66.067,1,36140,1083
0.000195,2,36140,1084
66.067,1,36206,1085
0.000313,2,36206,1085
66.067,1,36272,1085
0.00021,2,36272,1086
66.067,1,36338,1086
0.000151,2,36338,1086
66.067,1,36405,1088
0.000177,2,36405,1089
66.067,1,36471,1090
0.000295,2,36471,1090
66.067,1,36537,1090
0.000199,2,36537,1091
66.067,1,36603,1091
0.000189,2,36603,1091
66.067,1,36669,1092
0.000334,2,36669,1093
66.067,1,36735,1093
0.000173,2,36735,1093
66.067,1,36801,1093
0.000172,2,36801,1094
66.067,1,36867,1095
0.000319,2,36867,1095
66.067,1,36933,1095
0.000204,2,36933,1096
66.067,1,36999,1097
0.000169,2,36999,1097
66.067,1,37065,1097
0.000213,2,37065,1098
66.067,1,37131,1098
0.000364,2,37131,1098
66.067,1,37197,1098
0.00021,2,37197,1099
66.067,1,37263,1100
0.000249,2,37263,1100
66.067,1,37330,1102
0.000164,2,37330,1103
66.067,1,37396,1104
0.000344,2,37396,1104
66.067,1,37462,1104
0.000189,2,37462,1105
66.067,1,37528,1105
0.000183,2,37528,1105
66.067,1,37594,1106
0.000322,2,37594,1107
66.067,1,37660,1107
0.000191,2,37660,1107
66.067,1,37726,1108
0.000155,2,37726,1109
66.067,1,37792,1109
0.000149,2,37792,1109
66.067,1,37858,1110
0.000333,2,37858,1111
66.067,1,37924,1111
0.000203,2,37924,1111
66.067,1,37990,1111
0.000168,2,37990,1112
66.067,1,38056,1112
0.000197,2,38056,1112
66.067,1,38122,1112
0.000327,2,38122,1113
66.067,1,38188,1113
0.000159,2,38188,1113
66.067,1,38254,1113
0.000209,2,38254,1114
66.067,1,38321,1114
0.000306,2,38321,1114
66.067,1,38387,1115
0.00019,2,38387,1116
66.067,1,38453,1117
0.000179,2,38453,1117
66.067,1,38519,1117
0.000237,2,38519,1118
66.067,1,38585,1119
0.000305,2,38585,1119
66.067,1,38651,1119
0.000182,2,38651,1120
66.067,1,38717,1120
0.000169,2,38717,1120
66.067,1,38783,1120
0.00019,2,38783,1121
66.067,1,38849,1121
0.000299,2,38849,1121
66.067,1,38915,1121
0.000188,2,38915,1122
66.067,1,38981,1123
0.000147,2,38981,1123
66.067,1,39047,1123
0.000166,2,39047,1124
66.067,1,39113,1124
0.000214,2,39113,1124
66.067,1,39179,1125
0.000335,2,39179,1126
66.067,1,39245,1126
0.000171,2,39245,1126
66.067,1,39312,1126
0.000196,2,39312,1127
66.067,1,39378,1128
0.000193,2,39378,1128
66.067,1,39444,1129
0.000157,2,39444,1130
66.067,1,39510,1131
0.000333,2,39510,1131
66.067,1,39576,1132
0.000185,2,39576,1133
66.067,1,39642,1134
0.000163,2,39642,1134
66.067,1,39708,1134
0.000356,2,39708,1135
66.067,1,39774,1136
0.000156,2,39774,1136
66.067,1,39840,1136
0.000188,2,39840,1137
66.067,1,39906,1138
0.000318,2,39906,1138
66.067,1,39972,1138
0.000213,2,39972,1139
66.067,1,40038,1139
0.000152,2,40038,1139
66.067,1,40104,1140
0.000172,2,40104,1141
66.067,1,40170,1142
0.000263,2,40170,1142
66.067,1,40236,1143
0.000176,2,40236,1144
66.067,1,40303,1145
0.000211,2,40303,1145
66.067,1,40369,1146
0.000294,2,40369,1147
66.067,1,40435,1147
0.000174,2,40435,1147
66.067,1,40501,1148
0.000227,2,40501,1149
66.067,1,40567,1150
0.000229,2,40567,1150
66.067,1,40633,1150
0.000325,2,40633,1151
66.067,1,40699,1152
0.000167,2,40699,1152
66.067,1,40765,1152
0.000158,2,40765,1153
66.067,1,40831,1153
0.000186,2,40831,1153
66.067,1,40897,1153
0.000316,2,40897,1154
66.067,1,40963,1155
0.000195,2,40963,1155
66.067,1,41029,1155
0.000205,2,41029,1156
66.067,1,41095,1157
0.000198,2,41095,1157
66.067,1,41161,1158
0.000329,2,41161,1159
66.067,1,41227,1159
0.000184,2,41227,1159
66.067,1,41294,1160
0.000197,2,41294,1161
66.067,1,41360,1161
0.000191,2,41360,1161
66.067,1,41426,1161
0.000325,2,41426,1162
66.067,1,41492,1162
0.000188,2,41492,1162
66.067,1,41558,1163
0.000207,2,41558,1164
66.067,1,41624,1165
0.000347,2,41624,1165
66.067,1,41690,1165
0.000207,2,41690,1166
66.067,1,41756,1167
0.000184,2,41756,1167
66.067,1,41822,1167
0.000221,2,41822,1168
66.067,1,41888,1169
0.00034,2,41888,1169
66.067,1,41954,1169
0.000205,2,41954,1170
66.067,1,42020,1172
0.000156,2,42020,1172
66.067,1,42086,1173
0.000227,2,42086,1174
66.067,1,42152,1174
0.000367,2,42152,1174
66.067,1,42218,1175
0.000229,2,42218,1176
66.067,1,42285,1177
0.00021,2,42285,1177
66.067,1,42351,1177
0.000337,2,42351,1178
66.067,1,42417,1179
0.000183,2,42417,1179
66.067,1,42483,1179
0.000172,2,42483,1180
66.067,1,42549,1181
0.000338,2,42549,1181
66.067,1,42615,1181
0.000237,2,42615,1182
66.067,1,42681,1182
0.000164,2,42681,1182
66.067,1,42747,1182
0.000177,2,42747,1183
66.067,1,42813,1184
0.000191,2,42813,1184
66.067,1,42879,1185
0.000334,2,42879,1186
66.067,1,42945,1187
0.000178,2,42945,1187
66.067,1,43011,1188
0.000202,2,43011,1189
66.067,1,43077,1190
0.000265,2,43077,1190
66.067,1,43143,1191
0.000203,2,43143,1192
66.067,1,43209,1194
0.000194,2,43209,1194
66.067,1,43276,1195
0.000224,2,43276,1196
66.067,1,43342,1196
0.000295,2,43342,1196
66.067,1,43408,1198
0.000204,2,43408,1199
66.067,1,43474,1201
0.00019,2,43474,1201
66.067,1,43540,1202
0.000358,2,43540,1203
66.067,1,43606,1204
0.0002,2,43606,1204
66.067,1,43672,1205
0.000195,2,43672,1206
66.067,1,43738,1206
0.000209,2,43738,1206
66.067,1,43804,1207
0.000182,2,43804,1208
66.067,1,43870,1211
0.000306,2,43870,1211
66.067,1,43936,1211
0.000215,2,43936,1212
66.067,1,44002,1212
0.000219,2,44002,1212
66.067,1,44068,1214
0.000284,2,44068,1215
66.067,1,44134,1219
0.000183,2,44134,1219
66.067,1,44201,1223
0.000174,2,44201,1224
66.067,1,44267,1228
0.000193,2,44267,1228
66.067,1,44333,1230
0.00027,2,44333,1231
66.067,1,44399,1232
0.000179,2,44399,1232
66.067,1,44465,1233
0.000238,2,44465,1234
66.067,1,44531,1234
0.000328,2,44531,1234
66.067,1,44597,1235
0.000184,2,44597,1236
66.067,1,44663,1236
0.000198,2,44663,1236
66.067,1,44729,1238
0.000162,2,44729,1239
66.067,1,44795,1240
0.000265,2,44795,1240
66.067,1,44861,1242
0.000212,2,44861,1243
66.067,1,44927,1244
0.000184,2,44927,1244
66.067,1,44993,1246
0.000312,2,44993,1246
66.067,1,45059,1251
0.000192,2,45059,1251
66.067,1,45125,1255
0.000219,2,45125,1256
66.067,1,45192,1258
0.000195,2,45192,1258
66.067,1,45258,1263
0.000344,2,45258,1264
66.067,1,45324,1268
0.000182,2,45324,1268
66.067,1,45390,1271
0.000175,2,45390,1272
66.067,1,45456,1276
0.00025,2,45456,1276
66.067,1,45522,1281
0.000222,2,45522,1282
66.067,1,45588,1284
0.000185,2,45588,1284
66.067,1,45654,1285
0.000196,2,45654,1286
66.067,1,45720,1286
0.000385,2,45720,1286
66.067,1,45786,1286
0.000193,2,45786,1287
66.067,1,45852,1287
0.000193,2,45852,1287
66.067,1,45918,1287
0.000276,2,45918,1288
66.067,1,45984,1288
0.000369,2,45984,1288
66.067,1,46050,1290
0.000175,2,46050,1291
66.067,1,46116,1297
0.000178,2,46116,1297
66.067,1,46183,1302
0.000176,2,46183,1303
66.067,1,46249,1309
0.00025,2,46249,1309
66.067,1,46315,1314
0.000207,2,46315,1315
66.067,1,46381,1321
0.000227,2,46381,1321
66.067,1,46447,1328
0.000285,2,46447,1329
66.067,1,46513,1337
0.000159,2,46513,1337
66.067,1,46579,1345
0.000183,2,46579,1346
66.067,1,46645,1350
0.000149,2,46645,1350
66.067,1,46711,1355
0.000312,2,46711,1356
66.067,1,46777,1359
0.000166,2,46777,1359
66.067,1,46843,1363
0.000172,2,46843,1364
66.067,1,46909,1366
0.00025,2,46909,1366
66.067,1,46975,1368
0.000246,2,46975,1369
66.067,1,47041,1370
0.000176,2,47041,1370
66.067,1,47107,1373
0.000277,2,47107,1374
66.067,1,47174,1376
0.000189,2,47174,1376
66.067,1,47240,1377
0.000185,2,47240,1378
66.067,1,47306,1383
0.000212,2,47306,1383
66.067,1,47372,1387
0.000265,2,47372,1388
66.067,1,47438,1390
0.000173,2,47438,1390
66.067,1,47504,1393
0.000188,2,47504,1394
66.067,1,47570,1398
0.000254,2,47570,1398
66.067,1,47636,1405
0.000174,2,47636,1406
66.067,1,47702,1408
0.000178,2,47702,1408
66.067,1,47768,1414
0.000219,2,47768,1415
66.067,1,47834,1424
0.000251,2,47834,1424
66.067,1,47900,1435
0.000183,2,47900,1436
66.067,1,47966,1444
0.000161,2,47966,1444
66.067,1,48032,1453
0.00025,2,48032,1454
66.067,1,48098,1464
0.000164,2,48098,1464
66.067,1,48165,1470
0.000147,2,48165,1471
66.067,1,48231,1479
0.000253,2,48231,1479
66.067,1,48297,1485
0.000249,2,48297,1486
66.067,1,48363,1494
0.000158,2,48363,1494
66.067,1,48429,1502
0.000158,2,48429,1503
66.067,1,48495,1509
0.000266,2,48495,1509
66.067,1,48561,1516
0.000167,2,48561,1517
66.067,1,48627,1521
0.000147,2,48627,1521
66.067,1,48693,1528
0.000192,2,48693,1529
66.067,1,48759,1533
0.000402,2,48759,1533
66.067,1,48825,1533
0.000181,2,48825,1534
66.067,1,48891,1539
0.000162,2,48891,1539
66.067,1,48957,1545
0.000171,2,48957,1546
66.067,1,49023,1551
0.000253,2,49023,1551
66.067,1,49089,1559
0.0002,2,49089,1560
66.067,1,49156,1568
0.000179,2,49156,1568
66.067,1,49222,1577
0.000262,2,49222,1578
66.067,1,49288,1585
0.000174,2,49288,1585
66.067,1,49354,1594
0.000149,2,49354,1595
66.067,1,49420,1604
0.000148,2,49420,1604
66.067,1,49486,1613
0.000177,2,49486,1614
66.068,1,49552,1616
0.000255,2,49552,1616
66.067,1,49618,1624
0.000195,2,49618,1625
66.067,1,49684,1630
0.000201,2,49684,1630
66.067,1,49750,1633
0.000278,2,49750,1634
66.067,1,49816,1639
0.000168,2,49816,1639
66.067,1,49882,1643
0.000178,2,49882,1644
66.067,1,49948,1647
0.000311,2,49948,1647
66.067,1,50014,1650
0.000181,2,50014,1651
66.067,1,50081,1655
0.000143,2,50081,1655
66.067,1,50147,1660
0.000169,2,50147,1661
66.067,1,50213,1665
0.000278,2,50213,1665
66.067,1,50279,1669
0.000172,2,50279,1670
66.067,1,50345,1675
0.000145,2,50345,1675
66.067,1,50411,1682
0.000156,2,50411,1683
66.067,1,50477,1688
0.00025,2,50477,1688
66.067,1,50543,1695
0.000173,2,50543,1696
66.067,1,50609,1705
0.000179,2,50609,1705
66.067,1,50675,1710
0.000255,2,50675,1711
66.067,1,50741,1719
0.00017,2,50741,1719
66.067,1,50807,1725
0.000169,2,50807,1726
66.067,1,50873,1732
0.000158,2,50873,1732
66.067,1,50939,1741
0.00028,2,50939,1742
66.067,1,51005,1752
0.00016,2,51005,1752
66.067,1,51072,1759
0.000167,2,51072,1760
66.067,1,51138,1766
0.000249,2,51138,1766
66.067,1,51204,1773
0.000165,2,51204,1774
66.067,1,51270,1784
0.000176,2,51270,1784
66.067,1,51336,1789
0.000263,2,51336,1789
66.067,1,51402,1794
0.000175,2,51402,1794
66.075,1,51468,1797
0.000179,2,51468,1798
66.067,1,51534,1800
0.000185,2,51534,1800
66.067,1,51600,1804
0.000255,2,51600,1805
66.067,1,51666,1807
0.00017,2,51666,1807
66.067,1,51732,1811
0.000191,2,51732,1812
66.067,1,51798,1815
0.000318,2,51798,1815
66.067,1,51864,1817
0.000209,2,51864,1818
66.067,1,51930,1818
0.00018,2,51930,1818
66.067,1,51996,1819
0.000208,2,51996,1820
66.067,1,52063,1821
0.000335,2,52063,1821
66.067,1,52129,1822
0.000179,2,52129,1823
66.067,1,52195,1823
0.000197,2,52195,1823
66.067,1,52261,1823
0.000319,2,52261,1824
66.067,1,52327,1826
0.000172,2,52327,1826
66.067,1,52393,1827
0.000213,2,52393,1828
66.067,1,52459,1828
0.000329,2,52459,1828
66.067,1,52525,1829
0.000178,2,52525,1830
66.067,1,52591,1832
0.000153,2,52591,1832
66.067,1,52657,1832
0.000338,2,52657,1833
66.067,1,52723,1833
0.000258,2,52723,1833
66.067,1,52789,1833
0.000164,2,52789,1834
66.067,1,52855,1834
0.000189,2,52855,1834
66.067,1,52921,1834
0.000399,2,52921,1835
66.067,1,52987,1837
0.000182,2,52987,1837
66.067,1,53054,1837
0.000189,2,53054,1838
66.067,1,53120,1838
0.000192,2,53120,1838
66.067,1,53186,1838
0.00031,2,53186,1839
66.067,1,53252,1841
0.000212,2,53252,1841
66.067,1,53318,1844
0.000164,2,53318,1845
66.067,1,53384,1847
0.000187,2,53384,1847
66.067,1,53450,1847
0.00032,2,53450,1848
66.067,1,53516,1848
0.000179,2,53516,1848
66.067,1,53582,1849
0.000236,2,53582,1850
66.067,1,53648,1850
0.00032,2,53648,1850
66.067,1,53714,1852
0.000198,2,53714,1853
66.067,1,53780,1855
0.000154,2,53780,1855
66.067,1,53846,1859
0.000259,2,53846,1860
66.067,1,53912,1865
0.000153,2,53912,1865
66.067,1,53978,1867
0.00016,2,53978,1867
66.067,1,54045,1870
0.000178,2,54045,1870
66.067,1,54111,1875
0.000271,2,54111,1876
66.067,1,54177,1881
0.000194,2,54177,1881
66.067,1,54243,1886
0.000167,2,54243,1887
66.067,1,54309,1891
0.000266,2,54309,1891
66.067,1,54375,1893
0.000172,2,54375,1894
66.067,1,54441,1896
0.000181,2,54441,1896
66.067,1,54507,1898
0.000306,2,54507,1899
66.067,1,54573,1900
0.000157,2,54573,1900
66.067,1,54639,1902
0.000155,2,54639,1903
66.067,1,54705,1904
0.000186,2,54705,1904
66.067,1,54771,1904
0.000285,2,54771,1904
66.067,1,54837,1906
0.000183,2,54837,1906
66.067,1,54903,1907
0.000183,2,54903,1908
66.067,1,54969,1910
0.000301,2,54969,1910
66.067,1,55036,1911
0.000184,2,55036,1912
66.067,1,55102,1914
0.000153,2,55102,1914
66.067,1,55168,1915
0.00019,2,55168,1916
66.067,1,55234,1916
0.000333,2,55234,1916
66.067,1,55300,1918
0.00021,2,55300,1919
66.067,1,55366,1921
0.000151,2,55366,1921
66.067,1,55432,1923
0.000157,2,55432,1924
66.067,1,55498,1925
0.000278,2,55498,1925
66.067,1,55564,1926
0.000232,2,55564,1927
66.067,1,55630,1929
0.000187,2,55630,1929
66.067,1,55696,1930
0.000363,2,55696,1931
66.067,1,55762,1935
0.000159,2,55762,1935
66.067,1,55828,1939
0.000149,2,55828,1940
66.067,1,55894,1943
0.000202,2,55894,1943
66.067,1,55961,1945
0.00029,2,55961,1946
66.067,1,56027,1948
0.000157,2,56027,1948
66.067,1,56093,1950
0.000182,2,56093,1951
66.067,1,56159,1953
0.000339,2,56159,1953
66.067,1,56225,1954
0.000192,2,56225,1955
66.067,1,56291,1957
0.000177,2,56291,1957
66.067,1,56357,1957
0.000212,2,56357,1958
66.067,1,56423,1961
0.000259,2,56423,1961
66.067,1,56489,1962
0.000211,2,56489,1963
66.067,1,56555,1963
0.000189,2,56555,1963
66.067,1,56621,1967
0.000265,2,56621,1968
66.067,1,56687,1971
0.000166,2,56687,1971
66.067,1,56753,1972
0.000178,2,56753,1973
66.067,1,56819,1974
0.000203,2,56819,1974
66.067,1,56885,1976
0.000299,2,56885,1977
66.067,1,56952,1979
0.000173,2,56952,1979
66.067,1,57018,1981
0.000175,2,57018,1982
66.067,1,57084,1983
0.000335,2,57084,1983
66.067,1,57150,1983
0.000216,2,57150,1984
66.067,1,57216,1984
0.00015,2,57216,1984
66.067,1,57282,1985
0.000186,2,57282,1986
66.067,1,57348,1987
0.000195,2,57348,1987
66.067,1,57414,1987
0.000383,2,57414,1988
66.067,1,57480,1989
0.000181,2,57480,1989
66.067,1,57546,1990
0.000176,2,57546,1991
66.067,1,57612,1993
0.000296,2,57612,1993
66.067,1,57678,1994
0.000166,2,57678,1995
66.067,1,57744,1997
0.00017,2,57744,1997
66.067,1,57810,1998
0.000222,2,57810,1999
66.067,1,57876,2000
0.000243,2,57876,2000
66.067,1,57943,2002
0.000185,2,57943,2003
66.067,1,58009,2005
0.000155,2,58009,2005
66.067,1,58075,2006
0.000167,2,58075,2007
66.067,1,58141,2009
0.000337,2,58141,2009
66.067,1,58207,2010
0.000167,2,58207,2011
66.067,1,58273,2015
0.000188,2,58273,2015
66.067,1,58339,2022
0.000173,2,58339,2023
66.067,1,58405,2028
0.000276,2,58405,2028
66.067,1,58471,2032
0.000205,2,58471,2033
66.067,1,58537,2037
0.000168,2,58537,2037
66.067,1,58603,2040
0.000389,2,58603,2041
66.067,1,58669,2044
0.000189,2,58669,2044
66.067,1,58735,2048
0.000173,2,58735,2049
66.067,1,58801,2050
0.000242,2,58801,2050
66.067,1,58867,2052
0.000317,2,58867,2053
66.067,1,58934,2054
0.000209,2,58934,2054
66.067,1,59000,2057
0.000174,2,59000,2058
66.067,1,59066,2059
0.000314,2,59066,2059
66.067,1,59132,2060
0.000218,2,59132,2061
66.067,1,59198,2064
0.000191,2,59198,2064
66.067,1,59264,2066
0.000183,2,59264,2067
66.067,1,59330,2069
0.000305,2,59330,2069
66.067,1,59396,2070
0.000209,2,59396,2071
66.067,1,59462,2072
0.000178,2,59462,2072
66.067,1,59528,2073
0.000169,2,59528,2074
66.067,1,59594,2076
0.000263,2,59594,2076
66.067,1,59660,2079
0.000162,2,59660,2080
66.067,1,59726,2080
0.000269,2,59726,2080
66.067,1,59792,2082
0.00036,2,59792,2082
66.067,1,59858,2086
0.000227,2,59858,2086
66.067,1,59925,2089
0.000184,2,59925,2090
66.067,1,59991,2092
0.000176,2,59991,2092
66.067,1,60057,2093
0.000279,2,60057,2093
66.067,1,60123,2094
0.000205,2,60123,2094
66.067,1,60189,2095
0.000245,2,60189,2095
66.067,1,60255,2096
0.000265,2,60255,2096
66.067,1,60321,2102
0.000178,2,60321,2103
66.067,1,60387,2107
0.000149,2,60387,2107
66.067,1,60453,2111
0.000169,2,60453,2112
66.067,1,60519,2115
0.000326,2,60519,2115
66.067,1,60585,2116
0.000168,2,60585,2117
66.067,1,60651,2122
0.000176,2,60651,2122
66.067,1,60717,2124
0.000257,2,60717,2125
66.067,1,60783,2125
0.000191,2,60783,2125
66.067,1,60849,2127
0.00016,2,60849,2128
66.067,1,60916,2130
0.00017,2,60916,2130
66.067,1,60982,2133
0.000331,2,60982,2134
66.067,1,61048,2135
0.000178,2,61048,2135
66.067,1,61114,2138
0.000195,2,61114,2139
66.067,1,61180,2140
0.000316,2,61180,2140
66.067,1,61246,2143
0.000175,2,61246,2144
66.067,1,61312,2146
0.000196,2,61312,2146
66.067,1,61378,2152
0.000291,2,61378,2153
66.067,1,61444,2158
0.00021,2,61444,2158
66.067,1,61510,2162
0.000158,2,61510,2163
66.067,1,61576,2165
0.000156,2,61576,2165
66.067,1,61642,2169
0.000199,2,61642,2170
66.067,1,61708,2176
0.00028,2,61708,2176
66.067,1,61774,2180
0.000205,2,61774,2181
66.067,1,61840,2184
0.000208,2,61840,2184
66.067,1,61907,2187
0.000285,2,61907,2188
66.067,1,61973,2193
0.00016,2,61973,2193
66.067,1,62039,2194
0.000176,2,62039,2195
66.067,1,62105,2195
0.000239,2,62105,2195
66.067,1,62171,2196
0.000369,2,62171,2197
66.067,1,62237,2198
0.000178,2,62237,2198
66.067,1,62303,2199
0.000218,2,62303,2200
66.067,1,62369,2201
0.000269,2,62369,2201
66.067,1,62435,2202
0.000238,2,62435,2203
66.067,1,62501,2204
0.000173,2,62501,2204
66.067,1,62567,2206
0.000191,2,62567,2207
66.067,1,62633,2209
0.000331,2,62633,2209
66.067,1,62699,2209
0.000243,2,62699,2210
66.067,1,62765,2211
0.000175,2,62765,2211
66.067,1,62832,2211
0.000339,2,62832,2212
66.067,1,62898,2212
0.000191,2,62898,2212
66.067,1,62964,2213
0.000201,2,62964,2214
66.067,1,63030,2214
0.000212,2,63030,2214
66.067,1,63096,2214
0.000362,2,63096,2215
66.067,1,63162,2215
0.000177,2,63162,2215
66.067,1,63228,2216
0.000169,2,63228,2217
66.067,1,63294,2219
0.000152,2,63294,2219
66.067,1,63360,2221
0.000312,2,63360,2222
66.067,1,63426,2225
0.000188,2,63426,2225
66.067,1,63492,2227
0.000173,2,63492,2228
66.067,1,63558,2230
0.000171,2,63558,2230
66.067,1,63624,2230
0.000325,2,63624,2231
66.067,1,63690,2234
0.000166,2,63690,2234
66.067,1,63756,2235
0.000204,2,63756,2236
66.067,1,63823,2236
0.000324,2,63823,2236
66.067,1,63889,2237
0.000291,2,63889,2238
66.067,1,63955,2240
0.000162,2,63955,2240
66.067,1,64021,2240
0.000203,2,64021,2241
66.067,1,64087,2242
0.000366,2,64087,2242
66.067,1,64153,2242
0.000232,2,64153,2243
66.067,1,64219,2243
0.000192,2,64219,2243
66.067,1,64285,2244
0.000357,2,64285,2245
66.067,1,64351,2245
0.000191,2,64351,2245
66.067,1,64417,2245
0.00016,2,64417,2246
66.067,1,64483,2249
0.000155,2,64483,2249
66.067,1,64549,2250
0.000359,2,64549,2251
66.067,1,64615,2251
0.000204,2,64615,2251
66.067,1,64681,2252
0.000174,2,64681,2253
66.067,1,64747,2254
0.000185,2,64747,2254
66.067,1,64814,2255
0.000423,2,64814,2256
66.067,1,64880,2256
0.0002,2,64880,2256
66.067,1,64946,2257
0.000179,2,64946,2258
66.067,1,65012,2259
0.000156,2,65012,2259
66.067,1,65078,2261
0.000266,2,65078,2262
66.067,1,65144,2263
0.000187,2,65144,2263
66.067,1,65210,2263
0.000209,2,65210,2264
66.067,1,65276,2265
0.00032,2,65276,2265
66.067,1,65342,2265
0.000209,2,65342,2266
66.067,1,65408,2267
0.000181,2,65408,2267
66.067,1,65474,2269
0.000278,2,65474,2270
66.067,1,65540,2272
0.000174,2,65540,2272
66.067,1,65606,2273
0.00016,2,65606,2274
66.067,1,65672,2275
0.000164,2,65672,2275
66.067,1,65738,2276
0.000275,2,65738,2277
66.067,1,65805,2277
0.000169,2,65805,2277
66.067,1,65871,2280
0.000158,2,65871,2281
66.067,1,65937,2281
0.000384,2,65937,2281
66.067,1,66003,2282
0.000219,2,66003,2283
66.067,1,66069,2283
0.000307,2,66069,2283
66.067,1,66135,2285
0.000343,2,66135,2286
66.067,1,66201,2286
0.000427,2,66201,2286
66.067,1,66267,2286
0.000253,2,66267,2287
66.067,1,66333,2288
0.000199,2,66333,2288
66.067,1,66399,2288
0.000296,2,66399,2289
66.067,1,66465,2291
0.000225,2,66465,2291
66.067,1,66531,2293
0.000222,2,66531,2294
66.067,1,66597,2295
0.00032,2,66597,2295
66.067,1,66663,2296
0.000204,2,66663,2297
66.067,1,66729,2298
0.000166,2,66729,2298
66.067,1,66796,2299
0.000201,2,66796,2300
66.067,1,66862,2301
0.000296,2,66862,2301
66.067,1,66928,2301
0.000187,2,66928,2302
66.067,1,66994,2304
0.000214,2,66994,2304
66.067,1,67060,2306
0.000313,2,67060,2307
66.067,1,67126,2308
0.000215,2,67126,2308
66.067,1,67192,2309
0.000206,2,67192,2310
66.067,1,67258,2313
0.000253,2,67258,2313
66.067,1,67324,2315
0.000206,2,67324,2316
66.067,1,67390,2319
0.000336,2,67390,2319
66.067,1,67456,2323
0.000168,2,67456,2324
66.067,1,67522,2328
0.000265,2,67522,2328
66.067,1,67588,2330
0.000162,2,67588,2331
66.067,1,67654,2335
0.000144,2,67654,2335
66.067,1,67720,2337
0.000283,2,67720,2338
66.067,1,67787,2340
0.000206,2,67787,2340
66.067,1,67853,2341
0.00023,2,67853,2342
66.067,1,67919,2344
0.000361,2,67919,2344
66.067,1,67985,2349
0.000188,2,67985,2350
66.067,1,68051,2353
0.000162,2,68051,2353
66.067,1,68117,2356
0.00018,2,68117,2357
66.067,1,68183,2360
0.000261,2,68183,2360
66.067,1,68249,2360
0.000175,2,68249,2361
66.067,1,68315,2363
0.000204,2,68315,2363
66.067,1,68381,2364
0.000554,2,68381,2365
66.067,1,68447,2365
0.000326,2,68447,2365
66.067,1,68513,2366
0.000162,2,68513,2367
66.067,1,68579,2368
0.000355,2,68579,2368
66.067,1,68645,2370
0.000268,2,68645,2371
66.067,1,68712,2372
0.00024,2,68712,2372
66.067,1,68778,2374
0.000254,2,68778,2375
66.067,1,68844,2377
0.000162,2,68844,2377
66.067,1,68910,2378
0.000178,2,68910,2379
66.067,1,68976,2380
0.000173,2,68976,2380
66.067,1,69042,2381
0.000278,2,69042,2382
66.067,1,69108,2384
0.000186,2,69108,2384
66.067,1,69174,2385
0.00023,2,69174,2386
66.067,1,69240,2388
0.000268,2,69240,2388
66.067,1,69306,2390
0.000185,2,69306,2391
66.067,1,69372,2392
0.000176,2,69372,2392
66.067,1,69438,2395
0.000392,2,69438,2396
66.067,1,69504,2402
0.000191,2,69504,2402
66.067,1,69570,2407
0.000148,2,69570,2408
66.067,1,69636,2412
0.000176,2,69636,2412
66.067,1,69703,2415
0.000245,2,69703,2416
66.067,1,69769,2419
0.000147,2,69769,2419
66.068,1,69835,2422
0.000198,2,69835,2423
66.067,1,69901,2424
0.000387,2,69901,2424
66.067,1,69967,2424
0.000202,2,69967,2425
66.067,1,70033,2425
0.00015,2,70033,2425
66.067,1,70099,2431
0.00025,2,70099,2432
66.067,1,70165,2436
0.000195,2,70165,2436
66.067,1,70231,2440
0.000179,2,70231,2441
66.067,1,70297,2446
0.000193,2,70297,2446
66.067,1,70363,2447
0.000243,2,70363,2448
66.067,1,70429,2451
0.000208,2,70429,2451
66.067,1,70495,2452
0.000184,2,70495,2453
66.067,1,70561,2458
0.00015,2,70561,2458
66.067,1,70627,2460
0.000326,2,70627,2461
66.067,1,70694,2466
0.000219,2,70694,2466
66.067,1,70760,2472
0.000145,2,70760,2473
66.067,1,70826,2480
0.000151,2,70826,2480
66.067,1,70892,2484
0.000268,2,70892,2485
66.067,1,70958,2487
0.000223,2,70958,2487
66.067,1,71024,2490
0.000241,2,71024,2491
66.067,1,71090,2494
0.000255,2,71090,2494
66.067,1,71156,2496
0.000204,2,71156,2497
66.067,1,71222,2503
0.000241,2,71222,2503
66.067,1,71288,2506
0.000251,2,71288,2507
66.067,1,71354,2510
0.000231,2,71354,2510
66.067,1,71420,2513
0.000192,2,71420,2514
66.067,1,71486,2518
0.000263,2,71486,2518
66.067,1,71552,2521
0.000194,2,71552,2522
66.067,1,71618,2522
0.000154,2,71618,2522
66.067,1,71685,2524
0.000225,2,71685,2525
66.067,1,71751,2528
0.000267,2,71751,2528
66.067,1,71817,2529
0.000211,2,71817,2530
66.067,1,71883,2532
0.000173,2,71883,2532
66.067,1,71949,2533
0.000311,2,71949,2534
66.067,1,72015,2537
0.00017,2,72015,2537
66.067,1,72081,2538
0.000203,2,72081,2539
66.067,1,72147,2542
0.000215,2,72147,2542
66.067,1,72213,2546
0.000264,2,72213,2547
66.067,1,72279,2549
0.000204,2,72279,2549
66.067,1,72345,2550
0.000192,2,72345,2551
66.067,1,72411,2553
0.000219,2,72411,2553
66.067,1,72477,2555
0.000188,2,72477,2556
66.067,1,72543,2557
0.000216,2,72543,2557
66.067,1,72609,2559
0.000215,2,72609,2560
66.067,1,72676,2562
0.000228,2,72676,2562
66.067,1,72742,2564
0.000198,2,72742,2565
66.067,1,72808,2567
0.000239,2,72808,2567
66.067,1,72874,2569
0.000263,2,72874,2570
66.067,1,72940,2571
0.000227,2,72940,2571
66.067,1,73006,2573
0.000166,2,73006,2574
66.067,1,73072,2575
0.000186,2,73072,2575
66.067,1,73138,2576
0.000297,2,73138,2577
66.067,1,73204,2577
0.000197,2,73204,2577
66.067,1,73270,2577
0.0002,2,73270,2578
66.067,1,73336,2579
0.000365,2,73336,2579
66.067,1,73402,2579
0.000249,2,73402,2580
66.067,1,73468,2580
0.000286,2,73468,2580
66.067,1,73534,2581
0.000406,2,73534,2582
66.067,1,73600,2583
0.000205,2,73600,2583
66.067,1,73667,2584
0.000188,2,73667,2585
66.067,1,73733,2586
0.000184,2,73733,2586
66.067,1,73799,2587
0.000313,2,73799,2588
66.067,1,73865,2589
0.000182,2,73865,2589
66.067,1,73931,2590
0.000187,2,73931,2591
66.067,1,73997,2591
0.000193,2,73997,2591
66.067,1,74063,2592
0.000283,2,74063,2593
66.067,1,74129,2594
0.000162,2,74129,2594
66.067,1,74195,2595
0.000298,2,74195,2596
66.067,1,74261,2596
0.000409,2,74261,2596
66.067,1,74327,2596
0.000235,2,74327,2597
66.067,1,74393,2597
0.000175,2,74393,2597
66.067,1,74459,2597
0.000231,2,74459,2598
66.067,1,74525,2599
0.000249,2,74525,2599
66.067,1,74592,2600
0.000222,2,74592,2601
66.067,1,74658,2602
0.000171,2,74658,2602
66.067,1,74724,2603
0.000214,2,74724,2604
66.067,1,74790,2606
0.00026,2,74790,2606
66.067,1,74856,2606
0.000184,2,74856,2607
66.067,1,74922,2607
0.000185,2,74922,2607
66.067,1,74988,2608
0.000264,2,74988,2609
66.067,1,75054,2609
0.000194,2,75054,2609
66.067,1,75120,2610
0.000177,2,75120,2611
66.067,1,75186,2612
0.000288,2,75186,2612
66.067,1,75252,2612
0.000185,2,75252,2613
66.067,1,75318,2614
0.000171,2,75318,2614
66.067,1,75384,2616
0.000178,2,75384,2617
66.067,1,75450,2618
0.000234,2,75450,2618
66.067,1,75516,2619
0.000215,2,75516,2620
66.067,1,75583,2621
0.000161,2,75583,2621
66.067,1,75649,2621
0.000208,2,75649,2622
66.067,1,75715,2622
0.00029,2,75715,2622
66.067,1,75781,2623
0.000178,2,75781,2624
66.067,1,75847,2625
0.00021,2,75847,2625
66.067,1,75913,2625
0.000349,2,75913,2626
66.067,1,75979,2627
0.000303,2,75979,2627
66.067,1,76045,2627
0.000276,2,76045,2628
66.067,1,76111,2629
0.000359,2,76111,2629
66.067,1,76177,2630
0.000211,2,76177,2631
66.067,1,76243,2631
0.000177,2,76243,2631
66.067,1,76309,2631
0.000209,2,76309,2632
66.067,1,76375,2632
0.000286,2,76375,2632
66.067,1,76441,2633
0.000208,2,76441,2634
66.067,1,76507,2634
0.000219,2,76507,2634
66.067,1,76574,2634
0.000286,2,76574,2635
66.067,1,76640,2635
0.000191,2,76640,2635
66.067,1,76706,2636
0.000212,2,76706,2637
66.067,1,76772,2638
0.0002,2,76772,2638
66.067,1,76838,2638
0.000243,2,76838,2639
66.067,1,76904,2641
0.000183,2,76904,2641
66.067,1,76970,2641
0.000171,2,76970,2642
66.067,1,77036,2643
0.000188,2,77036,2643
66.067,1,77102,2644
0.0003,2,77102,2645
66.067,1,77168,2646
0.000212,2,77168,2646
66.067,1,77234,2647
0.000259,2,77234,2648
66.067,1,77300,2648
0.000301,2,77300,2648
66.067,1,77366,2648
0.000195,2,77366,2649
66.067,1,77432,2649
0.000163,2,77432,2649
66.067,1,77498,2649
0.000355,2,77498,2650
66.067,1,77565,2650
0.000196,2,77565,2650
66.067,1,77631,2651
0.000199,2,77631,2652
66.067,1,77697,2653
0.000202,2,77697,2653
66.067,1,77763,2654
0.00039,2,77763,2655
66.067,1,77829,2655
0.00025,2,77829,2655
66.067,1,77895,2656
0.000198,2,77895,2657
66.067,1,77961,2657
0.000154,2,77961,2657
66.067,1,78027,2658
0.000183,2,78027,2659
66.067,1,78093,2660
0.000306,2,78093,2660
66.067,1,78159,2661
0.000182,2,78159,2662
66.067,1,78225,2663
0.000175,2,78225,2663
66.067,1,78291,2664
0.000188,2,78291,2665
66.067,1,78357,2666
0.000314,2,78357,2666
66.067,1,78423,2666
0.000191,2,78423,2667
66.067,1,78489,2667
0.000186,2,78489,2667
66.067,1,78556,2668
0.000317,2,78556,2669
66.067,1,78622,2669
0.000204,2,78622,2669
66.067,1,78688,2669
0.000166,2,78688,2670
66.067,1,78754,2670
0.000316,2,78754,2670
66.067,1,78820,2671
0.000202,2,78820,2672
66.067,1,78886,2672
0.000167,2,78886,2672
66.067,1,78952,2673
0.000209,2,78952,2674
66.067,1,79018,2674
0.000298,2,79018,2674
66.067,1,79084,2674
0.000183,2,79084,2675
66.067,1,79150,2675
0.000188,2,79150,2675
66.067,1,79216,2676
0.000211,2,79216,2677
66.067,1,79282,2677
0.000367,2,79282,2677
66.067,1,79348,2678
0.000191,2,79348,2679
66.067,1,79414,2679
0.000215,2,79414,2679
66.067,1,79480,2679
0.000327,2,79480,2679
66.067,1,79547,2679
0.000198,2,79547,2679
66.067,1,79613,2680
0.000199,2,79613,2680
66.067,1,79679,2681
0.000188,2,79679,2681
66.067,1,79745,2682
0.000253,2,79745,2682
66.067,1,79811,2683
0.000207,2,79811,2683
66.067,1,79877,2683
0.000225,2,79877,2683
66.067,1,79943,2683
0.000308,2,79943,2683
66.067,1,80009,2684
0.000201,2,80009,2684
66.067,1,80075,2684
0.000193,2,80075,2684
66.067,1,80141,2685
0.00033,2,80141,2685
66.067,1,80207,2686
0.000199,2,80207,2686
66.067,1,80273,2686
0.000228,2,80273,2686
66.067,1,80339,2686
0.000315,2,80339,2686
66.067,1,80405,2686
0.000205,2,80405,2686
66.067,1,80472,2687
0.00019,2,80472,2687
66.067,1,80538,2688
0.000398,2,80538,2688
66.067,1,80604,2688
0.000197,2,80604,2688
66.067,1,80670,2688
0.000169,2,80670,2688
66.067,1,80736,2688
0.000192,2,80736,2688
66.067,1,80802,2689
0.000369,2,80802,2689
66.067,1,80868,2690
0.000192,2,80868,2690
66.067,1,80934,2691
0.000164,2,80934,2691
66.028,1,81000,2691
