1.1518,0.005676,0.56401
0.88835,0.011973,1.5925
0.88835,0.011973,1.5925
0.85066,0.008194,1.0045
0.85066,0.008194,1.0045
0.71495,0.0080877,1.0493
0.71495,0.0080877,1.0493
0.81598,0.015079,1.706
0.71495,0.0080877,1.0493
0.71495,0.0080877,1.0493
0.71495,0.0080877,1.0493
1.4722,0.0077792,0.6504
1.4722,0.0077792,0.6504
1.0045,0.0047556,0.49831
1.0045,0.0047556,0.49831
1.0045,0.0047556,0.49831
1.0045,0.0047556,0.49831
1.0045,0.0047556,0.49831
1.0045,0.0047556,0.49831
1.0239,0.0052225,0.51549
1.0239,0.0052225,0.51549
1.1586,0.00942,0.76134
1.1586,0.00942,0.76134
1.1586,0.00942,0.76134
1.1586,0.00942,0.76134
1.1586,0.00942,0.76134
1.0567,0.0036962,0.75966
1.1812,0.0047511,0.59342
1.1343,0.0049525,0.44195
1.0567,0.0036962,0.75966
1.0567,0.0036962,0.75966
1.0567,0.0036962,0.75966
1.0567,0.0036962,0.75966
1.0567,0.0036962,0.75966
1.091,0.0054397,0.65737
1.1343,0.0049525,0.44195
1.1343,0.0049525,0.44195
1.1343,0.0049525,0.44195
0.95255,0.0073984,0.68614
0.95255,0.0073984,0.68614
0.78986,0.0083539,0.64328
0.78986,0.0083539,0.64328
0.78986,0.0083539,0.64328
0.78986,0.0083539,0.64328
0.78986,0.0083539,0.64328
0.78986,0.0083539,0.64328
0.78986,0.0083539,0.64328
0.78986,0.0083539,0.64328
0.78986,0.0083539,0.64328
0.78986,0.0083539,0.64328
0.77416,0.0054453,0.72718
1.1565,0.0057777,0.39217
1.1565,0.0057777,0.39217
1.1565,0.0057777,0.39217
1.1565,0.0057777,0.39217
1.1565,0.0057777,0.39217
1.0736,0.0057259,0.38288
1.0736,0.0057259,0.38288
1.0736,0.0057259,0.38288
1.0736,0.0057259,0.38288
0.79148,0.012774,1.8259
0.79148,0.012774,1.8259
0.79148,0.012774,1.8259
0.79089,0.014775,1.7721
0.78555,0.016735,1.687
0.78555,0.016735,1.687
0.78555,0.016735,1.687
0.78555,0.016735,1.687
0.85111,0.017086,1.7551
0.85111,0.017086,1.7551
0.85111,0.017086,1.7551
0.87582,0.016108,1.7105
0.85059,0.014989,1.7128
0.85059,0.014989,1.7128
0.85059,0.014989,1.7128
0.85059,0.014989,1.7128
0.83042,0.011718,1.7474
0.83042,0.011718,1.7474
0.83042,0.011718,1.7474
0.83042,0.011718,1.7474
0.83042,0.011718,1.7474
1.0406,0.0039195,0.48377
1.0406,0.0039195,0.48377
1.0406,0.0039195,0.48377
1.0406,0.0039195,0.48377
1.0406,0.0039195,0.48377
1.0406,0.0039195,0.48377
1.0406,0.0039195,0.48377
1.0406,0.0039195,0.48377
1.0406,0.0039195,0.48377
1.0311,0.003509,0.47602
1.0311,0.003509,0.47602
1.0297,0.0053994,0.42288
1.0297,0.0053994,0.42288
1.0297,0.0053994,0.42288
0.88654,0.0074877,1.0031
0.88654,0.0074877,1.0031
0.88654,0.0074877,1.0031
0.88654,0.0074877,1.0031
0.88654,0.0074877,1.0031
0.88654,0.0074877,1.0031
0.92862,0.010924,1.0279
0.92862,0.010924,1.0279
0.92862,0.010924,1.0279
0.92862,0.010924,1.0279
0.92862,0.010924,1.0279
0.92862,0.010924,1.0279
0.92862,0.010924,1.0279
0.92862,0.010924,1.0279
0.92862,0.010924,1.0279
0.92862,0.010924,1.0279
0.92862,0.010924,1.0279
0.95322,0.010287,1.0268
0.95322,0.010287,1.0268
0.95322,0.010287,1.0268
0.95322,0.010287,1.0268
0.95322,0.010287,1.0268
0.95322,0.010287,1.0268
0.70521,0.011116,1.2086
0.70521,0.011116,1.2086
0.70521,0.011116,1.2086
0.70521,0.011116,1.2086
0.70521,0.011116,1.2086
0.70521,0.011116,1.2086
0.70521,0.011116,1.2086
0.70521,0.011116,1.2086
1.1027,0.019086,1.5444
1.1027,0.019086,1.5444
1.1943,0.019095,1.5458
1.1943,0.019095,1.5458
1.1943,0.019095,1.5458
1.1943,0.019095,1.5458
1.1943,0.019095,1.5458
1.1943,0.019095,1.5458
1.1943,0.019095,1.5458
1.2523,0.0081851,0.60403
1.2523,0.0081851,0.60403
1.2523,0.0081851,0.60403
1.2523,0.0081851,0.60403
1.2523,0.0081851,0.60403
1.2523,0.0081851,0.60403
0.69793,0.021038,2.1716
0.69793,0.021038,2.1716
0.69793,0.021038,2.1716
0.76628,0.021765,2.0354
0.81234,0.02006,1.9772
0.81234,0.02006,1.9772
0.81234,0.02006,1.9772
0.81234,0.02006,1.9772
0.73226,0.016293,2.0336
0.78778,0.0086629,1.5341
0.78778,0.0086629,1.5341
0.71052,0.0080551,1.624
0.71052,0.0080551,1.624
1.3123,0.0065147,0.55825
1.3123,0.0065147,0.55825
1.2498,0.0029992,0.58897
0.94955,0.006792,1.096
0.94955,0.006792,1.096
0.9048,0.006076,1.2094
0.97419,0.0098576,1.1179
0.97419,0.0098576,1.1179
0.99336,0.0071602,1.221
0.99336,0.0071602,1.221
0.99336,0.0071602,1.221
0.9282,0.0078146,1.0675
0.86194,0.010215,1.1804
0.90764,0.0041953,0.51833
0.90764,0.0041953,0.51833
0.90764,0.0041953,0.51833
0.90764,0.0041953,0.51833
0.90764,0.0041953,0.51833
0.90764,0.0041953,0.51833
0.90764,0.0041953,0.51833
0.90764,0.0041953,0.51833
0.65414,0.014232,2.0117
0.65414,0.014232,2.0117
0.65414,0.014232,2.0117
0.65414,0.014232,2.0117
0.65414,0.014232,2.0117
0.65414,0.014232,2.0117
0.65414,0.014232,2.0117
0.65414,0.014232,2.0117
0.65414,0.014232,2.0117
0.65414,0.014232,2.0117
0.65414,0.014232,2.0117
0.65414,0.014232,2.0117
0.65414,0.014232,2.0117
0.65414,0.014232,2.0117
0.65414,0.014232,2.0117
0.61797,0.018105,2.1515
1.0263,0.0062583,0.43408
1.0263,0.0062583,0.43408
1.0263,0.0062583,0.43408
1.0263,0.0062583,0.43408
1.0263,0.0062583,0.43408
1.112,0.0045134,0.37795
1.112,0.0045134,0.37795
1.112,0.0045134,0.37795
1.112,0.0045134,0.37795
0.93926,0.0088795,1.2081
0.93926,0.0088795,1.2081
0.93926,0.0088795,1.2081
0.93926,0.0088795,1.2081
0.93926,0.0088795,1.2081
0.93926,0.0088795,1.2081
0.95013,0.013217,1.2066
0.81557,0.0093527,1.2207
1.112,0.0045134,0.37795
1.112,0.0045134,0.37795
1.112,0.0045134,0.37795
1.112,0.0045134,0.37795
1.112,0.0045134,0.37795
1.0208,0.0040636,0.45714
1.0208,0.0040636,0.45714
1.0208,0.0040636,0.45714
1.0208,0.0040636,0.45714
1.0208,0.0040636,0.45714
1.0208,0.0040636,0.45714
0.92215,0.0046349,0.3915
0.92215,0.0046349,0.3915
0.92215,0.0046349,0.3915
0.92215,0.0046349,0.3915
0.92215,0.0046349,0.3915
0.86891,0.0087867,0.96298
0.86891,0.0087867,0.96298
0.86891,0.0087867,0.96298
0.86139,0.0089291,1.5269
0.86139,0.0089291,1.5269
0.86139,0.0089291,1.5269
0.86139,0.0089291,1.5269
0.82833,0.010858,1.4644
0.82833,0.010858,1.4644
0.82833,0.010858,1.4644
0.82833,0.010858,1.4644
0.82833,0.010858,1.4644
0.82833,0.010858,1.4644
0.82833,0.010858,1.4644
1.0101,0.0049479,0.49202
1.0101,0.0049479,0.49202
1.0101,0.0049479,0.49202
1.0101,0.0049479,0.49202
1.0101,0.0049479,0.49202
1.0101,0.0049479,0.49202
1.0101,0.0049479,0.49202
1.0101,0.0049479,0.49202
1.0101,0.0049479,0.49202
1.0101,0.0049479,0.49202
1.0369,0.0032407,0.48567
1.0369,0.0032407,0.48567
1.0369,0.0032407,0.48567
1.0369,0.0032407,0.48567
1.0369,0.0032407,0.48567
1.0369,0.0032407,0.48567
1.0369,0.0032407,0.48567
1.0369,0.0032407,0.48567
1.0369,0.0032407,0.48567
1.0369,0.0032407,0.48567
0.96276,0.0057619,0.51044
0.96276,0.0057619,0.51044
0.65398,0.014483,2.1079
0.65398,0.014483,2.1079
0.65398,0.014483,2.1079
0.65398,0.014483,2.1079
0.65398,0.014483,2.1079
1.2599,0.013046,1.1864
1.2599,0.013046,1.1864
1.1429,0.015022,1.1624
1.1429,0.015022,1.1624
1.1429,0.015022,1.1624
1.1429,0.015022,1.1624
1.1429,0.015022,1.1624
1.1429,0.015022,1.1624
1.1429,0.015022,1.1624
1.1429,0.015022,1.1624
1.1429,0.015022,1.1624
1.1429,0.015022,1.1624
1.0005,0.0070685,0.49814
1.0005,0.0070685,0.49814
1.0005,0.0070685,0.49814
1.0056,0.003334,0.46337
1.0056,0.003334,0.46337
1.0056,0.003334,0.46337
1.0056,0.003334,0.46337
1.0197,0.0069179,0.59308
1.0197,0.0069179,0.59308
1.0197,0.0069179,0.59308
1.0197,0.0069179,0.59308
0.68546,0.0098746,1.4173
0.76164,0.0091323,1.3833
0.76164,0.0091323,1.3833
0.76164,0.0091323,1.3833
0.76164,0.0091323,1.3833
0.76164,0.0091323,1.3833
0.7812,0.009666,1.2656
0.7812,0.009666,1.2656
0.7812,0.009666,1.2656
0.7812,0.009666,1.2656
0.7812,0.009666,1.2656
0.7812,0.009666,1.2656
0.7812,0.009666,1.2656
0.7812,0.009666,1.2656
0.7812,0.009666,1.2656
0.7812,0.009666,1.2656
0.98539,0.0042669,0.40687
0.98539,0.0042669,0.40687
0.98539,0.0042669,0.40687
0.98539,0.0042669,0.40687
0.98539,0.0042669,0.40687
0.98539,0.0042669,0.40687
0.98539,0.0042669,0.40687
1.1077,0.0053887,0.39368
0.68986,0.0099823,1.1893
0.68986,0.0099823,1.1893
0.68986,0.0099823,1.1893
1.1642,0.016421,1.2273
1.1642,0.016421,1.2273
1.1282,0.011449,1.168
0.85142,0.0064192,0.58204
0.85142,0.0064192,0.58204
0.85142,0.0064192,0.58204
0.85142,0.0064192,0.58204
0.79499,0.0094907,1.0957
0.79499,0.0094907,1.0957
0.87273,0.008986,0.99148
0.87273,0.008986,0.99148
0.79202,0.013959,1.3602
0.79202,0.013959,1.3602
0.85122,0.0083633,1.225
0.85122,0.0083633,1.225
0.76604,0.0089942,1.1586
0.76604,0.0089942,1.1586
0.84995,0.010596,1.2836
0.84995,0.010596,1.2836
0.84995,0.010596,1.2836
0.84995,0.010596,1.2836
0.84995,0.010596,1.2836
0.84995,0.010596,1.2836
0.84995,0.010596,1.2836
0.85886,0.019202,1.6514
0.921,0.015086,1.6753
0.93485,0.018148,1.651
0.90282,0.019658,1.6066
0.71543,0.0094784,1.1625
0.71543,0.0094784,1.1625
0.71543,0.0094784,1.1625
1.0179,0.0038304,0.5029
1.0179,0.0038304,0.5029
0.92001,0.008976,0.94369
0.92001,0.008976,0.94369
0.92001,0.008976,0.94369
0.95379,0.0065552,0.82662
0.95379,0.0065552,0.82662
0.95379,0.0065552,0.82662
0.95379,0.0065552,0.82662
0.95379,0.0065552,0.82662
0.70706,0.018756,1.9895
0.70706,0.018756,1.9895
0.73658,0.019276,1.8662
0.64772,0.021619,2.0476
0.64772,0.021619,2.0476
0.64772,0.021619,2.0476
0.64772,0.021619,2.0476
0.68432,0.012194,1.9999
0.68432,0.012194,1.9999
0.68432,0.012194,1.9999
0.68432,0.012194,1.9999
0.68432,0.012194,1.9999
0.68432,0.012194,1.9999
0.68383,0.018815,1.9832
0.68383,0.018815,1.9832
0.68383,0.018815,1.9832
0.68383,0.018815,1.9832
0.71866,0.01056,0.95232
0.74749,0.013016,1.1375
0.74749,0.013016,1.1375
0.74749,0.013016,1.1375
0.75441,0.01143,1.1118
0.75441,0.01143,1.1118
0.75441,0.01143,1.1118
0.72019,0.0064743,1.257
0.72019,0.0064743,1.257
0.80883,0.0066256,1.2136
0.79306,0.010784,1.2393
0.79306,0.010784,1.2393
0.87093,0.015836,1.5898
0.73545,0.01145,1.3824
0.66482,0.011166,1.3826
0.66482,0.011166,1.3826
0.6966,0.01121,1.5124
0.82753,0.012787,1.4466
0.82753,0.012787,1.4466
0.82753,0.012787,1.4466
0.82753,0.012787,1.4466
0.78891,0.0090671,0.93493
0.78891,0.0090671,0.93493
0.74472,0.0088527,1.0704
0.74472,0.0088527,1.0704
0.74472,0.0088527,1.0704
0.74472,0.0088527,1.0704
0.74472,0.0088527,1.0704
0.80936,0.0073364,1.0523
0.80228,0.0079909,1.1824
0.80228,0.0079909,1.1824
0.80228,0.0079909,1.1824
0.80228,0.0079909,1.1824
0.80228,0.0079909,1.1824
1.1644,0.012733,1.0965
0.94562,0.0074255,1.1227
0.75337,0.016837,1.5759
0.8459,0.013886,1.5324
0.80358,0.0099342,1.067
0.80358,0.0099342,1.067
0.80358,0.0099342,1.067
0.80358,0.0099342,1.067
0.80358,0.0099342,1.067
0.80587,0.013042,1.3886
0.74317,0.012067,1.3163
0.74317,0.012067,1.3163
0.74317,0.012067,1.3163
0.74317,0.012067,1.3163
0.74317,0.012067,1.3163
0.74317,0.012067,1.3163
0.74317,0.012067,1.3163
0.74317,0.012067,1.3163
0.74317,0.012067,1.3163
0.74317,0.012067,1.3163
0.71722,0.0084739,1.3306
0.71722,0.0084739,1.3306
1.0028,0.0085818,0.88762
1.0028,0.0085818,0.88762
1.0028,0.0085818,0.88762
0.98176,0.0086443,1.1533
0.98176,0.0086443,1.1533
1.0933,0.012833,1.1824
1.0933,0.012833,1.1824
1.0933,0.012833,1.1824
1.0933,0.012833,1.1824
1.0933,0.012833,1.1824
1.0933,0.012833,1.1824
0.94698,0.0047955,0.82281
0.94698,0.0047955,0.82281
0.94698,0.0047955,0.82281
0.94698,0.0047955,0.82281
0.94145,0.0095112,0.86005
0.9881,0.0083775,0.6243
0.97774,0.0063879,0.8265
0.97774,0.0063879,0.8265
0.97774,0.0063879,0.8265
0.96787,0.0045819,0.79139
0.96787,0.0045819,0.79139
0.6702,0.012157,1.4811
0.6702,0.012157,1.4811
0.77178,0.010195,1.4862
0.78864,0.012797,1.5389
0.78864,0.012797,1.5389
0.78864,0.012797,1.5389
0.8004,0.0039596,0.29767
0.8004,0.0039596,0.29767
0.8004,0.0039596,0.29767
0.8004,0.0039596,0.29767
0.8004,0.0039596,0.29767
0.8004,0.0039596,0.29767
0.8004,0.0039596,0.29767
0.8004,0.0039596,0.29767
0.8004,0.0039596,0.29767
0.8004,0.0039596,0.29767
0.8004,0.0039596,0.29767
0.8004,0.0039596,0.29767
0.8004,0.0039596,0.29767
0.7848,0.009945,1.6687
0.7848,0.009945,1.6687
0.7848,0.009945,1.6687
0.67871,0.013561,1.6733
0.67871,0.013561,1.6733
0.67871,0.013561,1.6733
1.0969,0.0044852,0.66246
1.0969,0.0044852,0.66246
0.91827,0.0067968,0.69437
0.91827,0.0067968,0.69437
0.91827,0.0067968,0.69437
0.91827,0.0067968,0.69437
0.86009,0.0077037,1.0078
0.86009,0.0077037,1.0078
0.86009,0.0077037,1.0078
0.86009,0.0077037,1.0078
0.92843,0.01409,1.4539
0.92843,0.01409,1.4539
0.92843,0.01409,1.4539
0.92843,0.01409,1.4539
0.92843,0.01409,1.4539
0.92843,0.01409,1.4539
0.92843,0.01409,1.4539
0.92843,0.01409,1.4539
0.92761,0.013253,1.4513
0.68675,0.014072,1.7294
0.68675,0.014072,1.7294
0.68675,0.014072,1.7294
0.68675,0.014072,1.7294
0.68675,0.014072,1.7294
0.68675,0.014072,1.7294
1.1691,0.012662,0.98604
1.1415,0.012783,1.0972
1.1415,0.012783,1.0972
1.0661,0.012904,1.0561
1.1208,0.015175,1.3783
1.1208,0.015175,1.3783
1.1208,0.015175,1.3783
1.1208,0.015175,1.3783
1.1208,0.015175,1.3783
1.0485,0.0089171,0.65908
1.0986,0.0052638,0.70969
1.0986,0.0052638,0.70969
1.1039,0.011669,0.73859
1.0452,0.0051249,0.76587
0.83142,0.0089477,1.3237
0.83142,0.0089477,1.3237
0.83142,0.0089477,1.3237
0.83142,0.0089477,1.3237
0.86308,0.0073243,1.2755
1.0145,0.0079033,0.63651
1.0145,0.0079033,0.63651
1.005,0.0077304,0.61308
1.0212,0.0049549,0.82438
1.0212,0.0049549,0.82438
1.0212,0.0049549,0.82438
1.0212,0.0049549,0.82438
1.0212,0.0049549,0.82438
1.1571,0.0080023,0.63073
1.1571,0.0080023,0.63073
1.1571,0.0080023,0.63073
1.262,0.017811,1.2224
1.2606,0.010298,1.038
1.2606,0.010298,1.038
1.2606,0.010298,1.038
0.84103,0.0068778,1.3015
0.83198,0.0086163,1.3328
0.83198,0.0086163,1.3328
1.0781,0.0083898,0.67986
1.0781,0.0083898,0.67986
1.1826,0.0092535,0.8582
1.1826,0.0092535,0.8582
0.88188,0.016353,1.4078
0.71153,0.0087523,1.2625
1.1826,0.0092535,0.8582
1.1826,0.0092535,0.8582
1.1826,0.0092535,0.8582
1.1826,0.0092535,0.8582
0.8631,0.015816,1.3635
0.8631,0.015816,1.3635
0.96991,0.0098819,1.2344
0.96991,0.0098819,1.2344
0.96991,0.0098819,1.2344
0.96991,0.0098819,1.2344
0.69689,0.012565,1.6907
0.69689,0.012565,1.6907
0.69689,0.012565,1.6907
0.67991,0.012081,1.1622
0.67991,0.012081,1.1622
0.67991,0.012081,1.1622
0.67307,0.01236,1.2261
0.67307,0.01236,1.2261
0.67307,0.01236,1.2261
0.67307,0.01236,1.2261
0.67307,0.01236,1.2261
0.67307,0.01236,1.2261
1.0544,0.010986,1.0997
1.0544,0.010986,1.0997
1.0544,0.010986,1.0997
1.0544,0.010986,1.0997
1.0544,0.010986,1.0997
1.0544,0.010986,1.0997
1.0544,0.010986,1.0997
0.67307,0.01236,1.2261
0.93695,0.0057611,0.81512
1.0356,0.0085404,0.83565
1.0356,0.0085404,0.83565
0.86307,0.0086678,0.8107
0.88015,0.0037658,0.79274
1.0356,0.0085404,0.83565
1.0356,0.0085404,0.83565
1.0356,0.0085404,0.83565
1.0356,0.0085404,0.83565
1.0356,0.0085404,0.83565
1.1098,0.0095358,1.0731
1.1098,0.0095358,1.0731
1.1098,0.0095358,1.0731
0.69689,0.012565,1.6907
0.69689,0.012565,1.6907
0.69689,0.012565,1.6907
0.69689,0.012565,1.6907
1.2353,0.0057279,0.74081
1.2353,0.0057279,0.74081
1.2353,0.0057279,0.74081
0.97323,0.0094589,1.0282
0.98706,0.011974,0.96963
0.98706,0.011974,0.96963
0.98706,0.011974,0.96963
1.3419,0.006898,0.75997
1.3419,0.006898,0.75997
1.3419,0.006898,0.75997
0.76515,0.012204,1.4548
0.76515,0.012204,1.4548
0.76515,0.012204,1.4548
0.76515,0.012204,1.4548
0.83122,0.013838,1.4221
0.83122,0.013838,1.4221
0.83122,0.013838,1.4221
0.83122,0.013838,1.4221
0.83122,0.013838,1.4221
0.85489,0.013083,1.4172
0.85489,0.013083,1.4172
1.7649,0.01525,1.3444
1.7649,0.01525,1.3444
1.7649,0.01525,1.3444
1.7649,0.01525,1.3444
1.7649,0.01525,1.3444
1.7649,0.01525,1.3444
1.7649,0.01525,1.3444
1.7649,0.01525,1.3444
1.7649,0.01525,1.3444
1.7649,0.01525,1.3444
1.7649,0.01525,1.3444
1.7649,0.01525,1.3444
1.7649,0.01525,1.3444
1.7649,0.01525,1.3444
1.7649,0.01525,1.3444
0.9946,0.0059126,0.40582
0.96935,0.0060609,0.39227
0.96935,0.0060609,0.39227
1.7649,0.01525,1.3444
1.7649,0.01525,1.3444
1.7649,0.01525,1.3444
1.7649,0.01525,1.3444
1.7649,0.01525,1.3444
1.7649,0.01525,1.3444
1.7649,0.01525,1.3444
1.7649,0.01525,1.3444
1.7649,0.01525,1.3444
1.7649,0.01525,1.3444
1.7649,0.01525,1.3444
1.7649,0.01525,1.3444
1.2322,0.013062,0.95977
1.2322,0.013062,0.95977
1.2322,0.013062,0.95977
0.83477,0.012314,1.3047
0.83477,0.012314,1.3047
1.1895,0.0042351,0.43839
0.83477,0.012314,1.3047
0.79675,0.0094041,1.4159
1.2322,0.013062,0.95977
1.2259,0.01109,0.91277
1.2259,0.01109,0.91277
1.355,0.0090325,0.78281
1.355,0.0090325,0.78281
1.355,0.0090325,0.78281
0.85117,0.0062348,0.70131
0.88576,0.0043637,0.80489
1.1895,0.0042351,0.43839
1.1895,0.0042351,0.43839
1.1895,0.0042351,0.43839
1.1895,0.0042351,0.43839
1.1895,0.0042351,0.43839
1.1895,0.0042351,0.43839
1.1895,0.0042351,0.43839
1.1895,0.0042351,0.43839
0.57309,0.015853,1.6326
0.57309,0.015853,1.6326
0.57309,0.015853,1.6326
0.57309,0.015853,1.6326
0.57309,0.015853,1.6326
1.1895,0.0042351,0.43839
1.0245,0.0080804,0.83661
1.002,0.0099033,0.87949
1.1895,0.0042351,0.43839
1.1643,0.0040401,0.42662
0.71195,0.014846,1.3046
0.71195,0.014846,1.3046
0.71195,0.014846,1.3046
0.78079,0.010583,1.3354
0.88664,0.0088915,1.1036
0.88664,0.0088915,1.1036
0.88664,0.0088915,1.1036
0.88664,0.0088915,1.1036
0.88664,0.0088915,1.1036
0.88664,0.0088915,1.1036
0.88664,0.0088915,1.1036
0.88664,0.0088915,1.1036
0.88664,0.0088915,1.1036
0.78079,0.010583,1.3354
0.80515,0.010211,1.1787
0.80515,0.010211,1.1787
0.86315,0.01237,1.1245
0.86315,0.01237,1.1245
0.78816,0.014566,1.5718
0.78816,0.014566,1.5718
0.78816,0.014566,1.5718
0.78816,0.014566,1.5718
0.78816,0.014566,1.5718
0.78816,0.014566,1.5718
0.78816,0.014566,1.5718
0.78816,0.014566,1.5718
0.78816,0.014566,1.5718
0.74134,0.012741,1.6281
0.74134,0.012741,1.6281
1.2937,0.0065404,0.55035
1.2367,0.0076228,0.58018
1.2367,0.0076228,0.58018
1.2367,0.0076228,0.58018
1.2367,0.0076228,0.58018
0.70594,0.021655,2.2536
0.6942,0.018705,2.3662
0.6942,0.018705,2.3662
0.6942,0.018705,2.3662
0.6942,0.018705,2.3662
0.6942,0.018705,2.3662
0.6942,0.018705,2.3662
0.6942,0.018705,2.3662
0.6942,0.018705,2.3662
0.6942,0.018705,2.3662
0.6942,0.018705,2.3662
0.6942,0.018705,2.3662
0.6942,0.018705,2.3662
0.6942,0.018705,2.3662
0.83278,0.0061441,0.93751
0.83278,0.0061441,0.93751
0.83278,0.0061441,0.93751
0.86828,0.006735,0.90613
0.86828,0.006735,0.90613
0.86828,0.006735,0.90613
1.2684,0.0054308,0.5101
1.2684,0.0054308,0.5101
1.2684,0.0054308,0.5101
1.1853,0.0063355,0.40915
0.73691,0.011982,1.551
0.73691,0.011982,1.551
0.66252,0.0098904,1.4856
0.66252,0.0098904,1.4856
0.66252,0.0098904,1.4856
0.66252,0.0098904,1.4856
0.66252,0.0098904,1.4856
0.66252,0.0098904,1.4856
0.66252,0.0098904,1.4856
0.70644,0.0078452,1.5462
0.70644,0.0078452,1.5462
0.70644,0.0078452,1.5462
0.78881,0.015392,1.5968
0.79097,0.0067721,0.90275
0.79097,0.0067721,0.90275
0.88314,0.010197,0.90691
0.87218,0.0061237,0.88663
0.87218,0.0061237,0.88663
0.87218,0.0061237,0.88663
0.90165,0.0042013,0.79461
0.9183,0.0079473,0.9332
0.9183,0.0079473,0.9332
0.9183,0.0079473,0.9332
0.9183,0.0079473,0.9332
0.9183,0.0079473,0.9332
0.9183,0.0079473,0.9332
0.9183,0.0079473,0.9332
0.9183,0.0079473,0.9332
0.9183,0.0079473,0.9332
0.9183,0.0079473,0.9332
0.9183,0.0079473,0.9332
0.9183,0.0079473,0.9332
0.88257,0.0070103,1.0001
0.84071,0.0056025,0.76217
0.84071,0.0056025,0.76217
0.84071,0.0056025,0.76217
0.80069,0.0057931,0.77643
0.96286,0.0044991,0.84191
0.96286,0.0044991,0.84191
0.96286,0.0044991,0.84191
1.008,0.0093243,0.89022
1.008,0.0093243,0.89022
1.0434,0.011581,0.93339
1.0434,0.011581,0.93339
1.0434,0.011581,0.93339
1.0434,0.011581,0.93339
1.0579,0.0089953,0.8313
1.0579,0.0089953,0.8313
1.0849,0.012197,0.94664
1.0849,0.012197,0.94664
1.0849,0.012197,0.94664
1.0849,0.012197,0.94664
1.0351,0.0048598,0.97603
1.0351,0.0048598,0.97603
1.0579,0.0089953,0.8313
1.0579,0.0089953,0.8313
1.0579,0.0089953,0.8313
1.0579,0.0089953,0.8313
1.0441,0.0055641,0.72951
1.0441,0.0055641,0.72951
1.0441,0.0055641,0.72951
1.0441,0.0055641,0.72951
1.0441,0.0055641,0.72951
1.0783,0.010064,0.87794
1.0783,0.010064,0.87794
1.0114,0.0048326,0.76331
1.0114,0.0048326,0.76331
1.0114,0.0048326,0.76331
1.0114,0.0048326,0.76331
1.0441,0.0055641,0.72951
0.9729,0.0042143,0.71002
0.9729,0.0042143,0.71002
0.9729,0.0042143,0.71002
0.9729,0.0042143,0.71002
0.9729,0.0042143,0.71002
1.1119,0.0034009,0.54907
1.1119,0.0034009,0.54907
1.0708,0.005753,0.56574
1.0708,0.005753,0.56574
1.0708,0.005753,0.56574
1.0708,0.005753,0.56574
1.0708,0.005753,0.56574
1.0708,0.005753,0.56574
1.0708,0.005753,0.56574
1.0708,0.005753,0.56574
0.90821,0.0073308,0.84377
0.90821,0.0073308,0.84377
0.90821,0.0073308,0.84377
0.90821,0.0073308,0.84377
0.90821,0.0073308,0.84377
0.84664,0.0064785,0.64524
0.84664,0.0064785,0.64524
0.84664,0.0064785,0.64524
0.84664,0.0064785,0.64524
0.84664,0.0064785,0.64524
0.84664,0.0064785,0.64524
0.74194,0.012077,1.0696
0.74194,0.012077,1.0696
0.74194,0.012077,1.0696
0.74194,0.012077,1.0696
0.74194,0.012077,1.0696
0.74194,0.012077,1.0696
0.74194,0.012077,1.0696
0.74194,0.012077,1.0696
0.68012,0.013703,1.0844
0.68012,0.013703,1.0844
0.68012,0.013703,1.0844
0.68012,0.013703,1.0844
0.83127,0.0078065,0.89508
0.83127,0.0078065,0.89508
0.99288,0.014046,1.3218
0.99288,0.014046,1.3218
0.99288,0.014046,1.3218
0.97914,0.0051584,0.44104
0.97914,0.0051584,0.44104
0.97914,0.0051584,0.44104
0.97914,0.0051584,0.44104
0.93957,0.0059129,0.8404
0.96093,0.010019,0.974
0.96093,0.010019,0.974
1.0977,0.0086418,0.80721
1.0977,0.0086418,0.80721
1.0929,0.0094987,0.79437
1.0929,0.0094987,0.79437
1.0929,0.0094987,0.79437
1.0929,0.0094987,0.79437
1.0936,0.0060452,0.77338
1.0936,0.0060452,0.77338
0.84674,0.0041392,0.61912
0.84674,0.0041392,0.61912
0.84674,0.0041392,0.61912
0.84674,0.0041392,0.61912
0.84674,0.0041392,0.61912
0.84674,0.0041392,0.61912
0.93957,0.0059129,0.8404
0.93957,0.0059129,0.8404
1.031,0.0077961,0.88206
1.031,0.0077961,0.88206
1.0011,0.0094344,0.90698
1.0011,0.0094344,0.90698
1.168,0.0074847,0.54649
1.168,0.0074847,0.54649
1.168,0.0074847,0.54649
1.168,0.0074847,0.54649
1.0138,0.0031209,0.529
1.1221,0.0065294,0.5676
0.91265,0.0078175,0.84772
0.91265,0.0078175,0.84772
1.0071,0.0061232,0.87107
0.96343,0.0054512,0.737
0.96343,0.0054512,0.737
1.0761,0.0049995,0.68529
1.0761,0.0049995,0.68529
1.0525,0.0087636,0.77326
1.0525,0.0087636,0.77326
1.0525,0.0087636,0.77326
1.1345,0.0042137,0.65716
1.1345,0.0042137,0.65716
1.1345,0.0042137,0.65716
1.1345,0.0042137,0.65716
1.0014,0.0056155,0.65479
0.91189,0.013045,1.1139
0.91189,0.013045,1.1139
0.91189,0.013045,1.1139
1.1345,0.0042137,0.65716
1.0572,0.017047,1.41
1.0572,0.017047,1.41
1.0572,0.017047,1.41
0.70118,0.011447,1.3326
0.70118,0.011447,1.3326
1.0479,0.0055331,0.54815
1.0479,0.0055331,0.54815
0.70118,0.011447,1.3326
0.70118,0.011447,1.3326
0.94624,0.012431,1.1832
0.94624,0.012431,1.1832
0.94624,0.012431,1.1832
1.1754,0.0048774,0.53696
1.1754,0.0048774,0.53696
1.1754,0.0048774,0.53696
1.1754,0.0048774,0.53696
1.002,0.018797,1.5282
1.002,0.018797,1.5282
0.711,0.01043,1.5347
0.72871,0.0089186,1.411
0.72871,0.0089186,1.411
0.72871,0.0089186,1.411
0.72871,0.0089186,1.411
0.76734,0.0060163,0.54318
0.89328,0.0037432,0.52609
0.89328,0.0037432,0.52609
0.89328,0.0037432,0.52609
1.2761,0.010505,0.87214
1.2761,0.010505,0.87214
1.2761,0.010505,0.87214
0.81625,0.016278,1.4321
0.81625,0.016278,1.4321
0.81625,0.016278,1.4321
0.81625,0.016278,1.4321
0.81625,0.016278,1.4321
0.88444,0.0046344,0.54951
0.88444,0.0046344,0.54951
0.88444,0.0046344,0.54951
0.99236,0.0086461,0.6142
0.99236,0.0086461,0.6142
0.99236,0.0086461,0.6142
1.3337,0.0096812,0.84454
1.3337,0.0096812,0.84454
0.96541,0.0035555,0.68241
0.96541,0.0035555,0.68241
0.87679,0.0069722,0.73043
0.87679,0.0069722,0.73043
0.87679,0.0069722,0.73043
0.87679,0.0069722,0.73043
0.86366,0.010466,1.3944
0.86366,0.010466,1.3944
0.86366,0.010466,1.3944
0.86366,0.010466,1.3944
0.86366,0.010466,1.3944
0.79588,0.0074133,0.74215
0.79588,0.0074133,0.74215
0.82189,0.0071214,0.70116
0.82189,0.0071214,0.70116
0.73206,0.0086423,1.1173
0.8112,0.0078576,1.1685
0.8112,0.0078576,1.1685
0.8112,0.0078576,1.1685
1.2192,0.010347,1.0144
1.2192,0.010347,1.0144
1.2192,0.010347,1.0144
1.2192,0.010347,1.0144
1.2192,0.010347,1.0144
1.2192,0.010347,1.0144
0.77061,0.012015,1.2245
0.81196,0.0089842,1.1611
0.81196,0.0089842,1.1611
0.75823,0.008749,1.1459
1.0604,0.0065856,0.82483
1.0604,0.0065856,0.82483
0.71957,0.014891,1.6602
0.71957,0.014891,1.6602
0.71957,0.014891,1.6602
0.71957,0.014891,1.6602
0.71957,0.014891,1.6602
0.7439,0.015687,1.7621
0.7439,0.015687,1.7621
1.0982,0.021942,1.9525
1.0982,0.021942,1.9525
1.0982,0.021942,1.9525
1.0982,0.021942,1.9525
1.0982,0.021942,1.9525
1.0982,0.021942,1.9525
1.0399,0.01154,0.89737
1.0258,0.0075333,0.72672
1.0327,0.010101,0.7214
0.85314,0.0093986,0.77175
0.85314,0.0093986,0.77175
0.85314,0.0093986,0.77175
0.85314,0.0093986,0.77175
0.80975,0.0080669,0.8017
0.80947,0.013953,1.4377
0.80947,0.013953,1.4377
1.0284,0.018331,1.6639
1.0284,0.018331,1.6639
1.0284,0.018331,1.6639
1.0284,0.018331,1.6639
1.0284,0.018331,1.6639
1.0284,0.018331,1.6639
1.0284,0.018331,1.6639
0.80947,0.013953,1.4377
0.80947,0.013953,1.4377
0.80947,0.013953,1.4377
0.80591,0.0098186,1.4742
0.80591,0.0098186,1.4742
0.99265,0.013783,1.4291
0.99265,0.013783,1.4291
1.064,0.016705,1.3581
0.7448,0.0044575,0.78904
0.80737,0.0090371,0.82291
0.80737,0.0090371,0.82291
0.80737,0.0090371,0.82291
0.80737,0.0090371,0.82291
0.80737,0.0090371,0.82291
0.80737,0.0090371,0.82291
0.80737,0.0090371,0.82291
0.80737,0.0090371,0.82291
0.80737,0.0090371,0.82291
0.81417,0.009552,1.4202
0.89624,0.019364,1.2697
0.94317,0.016246,1.2895
0.94968,0.0086274,1.3264
1.0534,0.018008,1.3796
1.0534,0.018008,1.3796
1.0534,0.018008,1.3796
0.9448,0.018575,1.3848
0.94702,0.017155,1.4194
0.91772,0.01352,1.315
0.91772,0.01352,1.315
0.91772,0.01352,1.315
0.91772,0.01352,1.315
0.91772,0.01352,1.315
0.91772,0.01352,1.315
0.81176,0.011618,1.3415
0.8559,0.014203,1.3541
0.8559,0.014203,1.3541
0.8559,0.014203,1.3541
0.8559,0.014203,1.3541
0.8559,0.014203,1.3541
0.65417,0.012431,1.3971
0.65417,0.012431,1.3971
0.65417,0.012431,1.3971
0.88827,0.015086,1.1962
0.88827,0.015086,1.1962
0.89246,0.012734,1.3211
0.89246,0.012734,1.3211
0.89246,0.012734,1.3211
0.9102,0.013543,1.3396
0.9102,0.013543,1.3396
0.9102,0.013543,1.3396
0.9102,0.013543,1.3396
0.87082,0.0078382,0.80278
0.87082,0.0078382,0.80278
0.87082,0.0078382,0.80278
0.87082,0.0078382,0.80278
0.87082,0.0078382,0.80278
0.87082,0.0078382,0.80278
0.87082,0.0078382,0.80278
0.87082,0.0078382,0.80278
0.87082,0.0078382,0.80278
0.87082,0.0078382,0.80278
0.87082,0.0078382,0.80278
0.87082,0.0078382,0.80278
0.87082,0.0078382,0.80278
0.87082,0.0078382,0.80278
0.87082,0.0078382,0.80278
0.87773,0.0094012,0.83643
0.87773,0.0094012,0.83643
0.78619,0.0061722,0.76702
0.78619,0.0061722,0.76702
0.78619,0.0061722,0.76702
0.78619,0.0061722,0.76702
0.78619,0.0061722,0.76702
0.78619,0.0061722,0.76702
0.81045,0.01148,1.5037
0.81045,0.01148,1.5037
0.81045,0.01148,1.5037
0.89568,0.013203,1.421
0.89568,0.013203,1.421
0.89568,0.013203,1.421
0.89568,0.013203,1.421
0.89568,0.013203,1.421
0.89568,0.013203,1.421
0.89568,0.013203,1.421
0.89568,0.013203,1.421
0.89568,0.013203,1.421
0.89568,0.013203,1.421
0.80266,0.011883,1.3661
0.80266,0.011883,1.3661
0.80266,0.011883,1.3661
0.89834,0.0051447,1.0837
0.89834,0.0051447,1.0837
0.89834,0.0051447,1.0837
0.89834,0.0051447,1.0837
0.89834,0.0051447,1.0837
0.89834,0.0051447,1.0837
0.89834,0.0051447,1.0837
0.92294,0.0050172,1.0107
0.83584,0.00578,0.95299
0.86927,0.0090644,0.89288
1.125,0.01435,1.3484
1.125,0.01435,1.3484
1.125,0.01435,1.3484
1.125,0.01435,1.3484
1.125,0.01435,1.3484
0.98035,0.023296,2.0767
0.98035,0.023296,2.0767
0.96918,0.019366,2.0614
0.96918,0.019366,2.0614
0.87755,0.011083,1.3056
0.87755,0.011083,1.3056
0.87755,0.011083,1.3056
1.4802,0.01192,1.0092
1.4802,0.01192,1.0092
1.4802,0.01192,1.0092
1.318,0.0089038,0.96197
1.318,0.0089038,0.96197
1.4112,0.011373,0.8667
1.4112,0.011373,0.8667
1.4112,0.011373,0.8667
1.4112,0.011373,0.8667
1.4112,0.011373,0.8667
1.4112,0.011373,0.8667
0.91611,0.011337,1.3099
0.91611,0.011337,1.3099
0.89161,0.013605,1.3474
0.93536,0.0091085,1.2912
0.93536,0.0091085,1.2912
0.8851,0.013377,1.3563
0.86589,0.01185,1.2471
0.86589,0.01185,1.2471
0.75679,0.0082103,1.104
0.77839,0.011161,0.97614
0.77839,0.011161,0.97614
0.89161,0.013605,1.3474
0.89161,0.013605,1.3474
0.79924,0.0089057,1.5083
0.79924,0.0089057,1.5083
0.79924,0.0089057,1.5083
0.71849,0.0086221,1.7302
0.71849,0.0086221,1.7302
0.71849,0.0086221,1.7302
0.71849,0.0086221,1.7302
0.81669,0.014453,1.7624
0.77496,0.013243,1.634
0.77496,0.013243,1.634
0.77496,0.013243,1.634
0.77496,0.013243,1.634
0.77496,0.013243,1.634
0.77496,0.013243,1.634
0.91199,0.010624,0.96184
0.91199,0.010624,0.96184
0.91199,0.010624,0.96184
0.74672,0.012802,1.8304
0.74672,0.012802,1.8304
0.79058,0.014052,1.721
0.99854,0.011456,0.9419
0.99854,0.011456,0.9419
0.93634,0.0054146,1.1116
0.93634,0.0054146,1.1116
0.85965,0.012081,1.1502
0.80156,0.011265,1.476
0.80156,0.011265,1.476
0.80156,0.011265,1.476
0.80156,0.011265,1.476
0.80156,0.011265,1.476
0.80156,0.011265,1.476
0.75277,0.017647,1.8071
0.80991,0.013707,1.8728
0.80991,0.013707,1.8728
0.80991,0.013707,1.8728
0.71447,0.016863,1.8503
0.69636,0.011827,1.5367
0.69636,0.011827,1.5367
0.72645,0.013087,1.6986
0.72645,0.013087,1.6986
0.72645,0.013087,1.6986
0.97084,0.01095,1.2944
0.97084,0.01095,1.2944
0.97084,0.01095,1.2944
0.97084,0.01095,1.2944
0.97084,0.01095,1.2944
0.97084,0.01095,1.2944
0.97084,0.01095,1.2944
0.97084,0.01095,1.2944
0.97084,0.01095,1.2944
0.97084,0.01095,1.2944
0.97084,0.01095,1.2944
0.97084,0.01095,1.2944
0.56667,0.01554,1.8168
0.56667,0.01554,1.8168
0.56667,0.01554,1.8168
0.61963,0.011117,1.3267
0.61963,0.011117,1.3267
0.97084,0.01095,1.2944
0.97084,0.01095,1.2944
0.97084,0.01095,1.2944
0.97084,0.01095,1.2944
0.97084,0.01095,1.2944
0.97084,0.01095,1.2944
0.9516,0.014895,1.3739
1.0398,0.0042175,0.80865
1.0398,0.0042175,0.80865
1.0398,0.0042175,0.80865
1.0702,0.011717,0.8348
0.85507,0.014072,1.4909
0.59509,0.019942,2.1102
0.59509,0.019942,2.1102
0.9009,0.0078962,0.72943
0.9009,0.0078962,0.72943
0.9009,0.0078962,0.72943
0.76565,0.006278,0.67134
0.76565,0.006278,0.67134
0.76565,0.006278,0.67134
0.76565,0.006278,0.67134
1.0165,0.030675,2.7874
1.0165,0.030675,2.7874
1.0165,0.030675,2.7874
0.92043,0.029554,2.7208
0.92043,0.029554,2.7208
0.79438,0.027096,2.67
0.79438,0.027096,2.67
0.79438,0.027096,2.67
0.82976,0.022538,2.5632
0.82976,0.022538,2.5632
0.97068,0.0051035,0.67489
0.97068,0.0051035,0.67489
0.97068,0.0051035,0.67489
0.85219,0.0069927,0.66045
0.85219,0.0069927,0.66045
0.8505,0.0072044,0.73875
0.83549,0.0077177,0.77177
0.83549,0.0077177,0.77177
0.83549,0.0077177,0.77177
0.83549,0.0077177,0.77177
0.83549,0.0077177,0.77177
0.83549,0.0077177,0.77177
0.70744,0.0084417,0.87068
0.70744,0.0084417,0.87068
0.70744,0.0084417,0.87068
0.70744,0.0084417,0.87068
0.70744,0.0084417,0.87068
0.87352,0.0058441,0.72523
0.95235,0.0072735,0.83734
0.95235,0.0072735,0.83734
0.95235,0.0072735,0.83734
1.1053,0.0046543,0.82273
1.1997,0.0083451,1.0185
1.1997,0.0083451,1.0185
1.1997,0.0083451,1.0185
1.1997,0.0083451,1.0185
1.1498,0.010285,0.96386
0.70744,0.0084417,0.87068
0.70744,0.0084417,0.87068
0.70744,0.0084417,0.87068
0.83127,0.0041937,0.95089
0.83127,0.0041937,0.95089
0.70744,0.0084417,0.87068
0.70744,0.0084417,0.87068
0.83127,0.0041937,0.95089
0.83127,0.0041937,0.95089
0.83127,0.0041937,0.95089
1.1498,0.010285,0.96386
1.1498,0.010285,0.96386
1.1498,0.010285,0.96386
1.1498,0.010285,0.96386
0.70124,0.02327,2.3984
0.70124,0.02327,2.3984
0.70124,0.02327,2.3984
0.70124,0.02327,2.3984
0.70124,0.02327,2.3984
0.73438,0.0074888,1.1657
0.73438,0.0074888,1.1657
0.73438,0.0074888,1.1657
1.1498,0.010285,0.96386
1.1498,0.010285,0.96386
0.80528,0.010739,1.1632
0.80528,0.010739,1.1632
0.80528,0.010739,1.1632
0.80528,0.010739,1.1632
0.79667,0.012793,1.7966
0.79667,0.012793,1.7966
0.79667,0.012793,1.7966
0.73438,0.0074888,1.1657
0.73438,0.0074888,1.1657
0.73438,0.0074888,1.1657
0.73438,0.0074888,1.1657
0.73438,0.0074888,1.1657
0.73438,0.0074888,1.1657
0.98496,0.0079013,0.84603
0.98496,0.0079013,0.84603
0.9071,0.0081428,0.75041
0.93386,0.010502,1.016
0.93386,0.010502,1.016
0.93386,0.010502,1.016
0.93386,0.010502,1.016
0.60043,0.014284,1.6231
0.60043,0.014284,1.6231
1.3895,0.011262,0.92399
1.3895,0.011262,0.92399
1.3895,0.011262,0.92399
0.93386,0.010502,1.016
0.93386,0.010502,1.016
0.97079,0.0066851,0.69718
1.1246,0.0051531,0.70808
0.83917,0.0067562,0.82764
0.83917,0.0067562,0.82764
0.83917,0.0067562,0.82764
0.93386,0.010502,1.016
1.3895,0.011262,0.92399
0.68394,0.0098902,1.4568
0.68394,0.0098902,1.4568
0.68394,0.0098902,1.4568
1.264,0.010885,0.92086
1.264,0.010885,0.92086
1.1175,0.010664,1.0223
1.1175,0.010664,1.0223
1.1175,0.010664,1.0223
0.68394,0.0098902,1.4568
0.68394,0.0098902,1.4568
0.68394,0.0098902,1.4568
0.93003,0.0065056,1.0621
0.93003,0.0065056,1.0621
0.93003,0.0065056,1.0621
0.93003,0.0065056,1.0621
0.72469,0.01244,1.6201
0.72469,0.01244,1.6201
0.72469,0.01244,1.6201
0.73619,0.02403,2.337
0.73619,0.02403,2.337
0.73619,0.02403,2.337
0.73619,0.02403,2.337
0.73619,0.02403,2.337
0.75453,0.019273,1.7899
0.78089,0.019354,1.7189
0.78089,0.019354,1.7189
0.78089,0.019354,1.7189
0.78089,0.019354,1.7189
0.78089,0.019354,1.7189
0.78089,0.019354,1.7189
0.78089,0.019354,1.7189
0.78089,0.019354,1.7189
0.66585,0.017375,1.5884
0.58374,0.027,2.4495
0.58374,0.027,2.4495
0.58374,0.027,2.4495
0.79683,0.016933,2.3661
0.79683,0.016933,2.3661
0.64819,0.018158,2.3332
0.73478,0.015575,1.6817
1.0162,0.0095434,0.86991
0.64819,0.018158,2.3332
0.64819,0.018158,2.3332
0.67982,0.019946,2.5636
0.67982,0.019946,2.5636
0.67982,0.019946,2.5636
0.80694,0.023375,2.564
0.80694,0.023375,2.564
0.84337,0.02011,1.8587
0.75905,0.01714,1.9621
0.75905,0.01714,1.9621
0.75905,0.01714,1.9621
0.96544,0.010718,1.0178
0.96544,0.010718,1.0178
0.96544,0.010718,1.0178
0.96544,0.010718,1.0178
0.94644,0.0064324,1.0652
0.94644,0.0064324,1.0652
1.0907,0.010866,1.1547
0.88607,0.008255,0.8346
0.82278,0.0088042,0.79334
0.82278,0.0088042,0.79334
0.82278,0.0088042,0.79334
0.82278,0.0088042,0.79334
0.67342,0.007474,0.60668
0.67342,0.007474,0.60668
0.67342,0.007474,0.60668
0.67342,0.007474,0.60668
0.67342,0.007474,0.60668
0.81668,0.015582,1.9617
0.81668,0.015582,1.9617
0.81668,0.015582,1.9617
0.67342,0.007474,0.60668
0.67342,0.007474,0.60668
0.67342,0.007474,0.60668
0.67342,0.007474,0.60668
0.67342,0.007474,0.60668
0.652,0.006408,0.60446
0.652,0.006408,0.60446
0.68011,0.0058168,0.64935
0.66466,0.014658,2.0518
0.6911,0.010782,2.0707
0.6911,0.010782,2.0707
0.6911,0.010782,2.0707
0.6911,0.010782,2.0707
0.6911,0.010782,2.0707
0.6911,0.010782,2.0707
0.73386,0.018702,1.9698
0.77091,0.010245,0.80995
0.77091,0.010245,0.80995
0.77091,0.010245,0.80995
0.9599,0.011083,1.0859
0.9599,0.011083,1.0859
0.9599,0.011083,1.0859
0.68901,0.01724,2.0822
0.67667,0.022633,2.1683
0.67667,0.022633,2.1683
0.73854,0.010552,0.85905
0.73854,0.010552,0.85905
0.72146,0.0053206,0.88117
0.90628,0.0065368,0.85642
0.90628,0.0065368,0.85642
0.90628,0.0065368,0.85642
0.88974,0.0054072,0.91275
0.73325,0.017567,2.1209
0.73325,0.017567,2.1209
0.73325,0.017567,2.1209
0.73325,0.017567,2.1209
0.73325,0.017567,2.1209
0.73325,0.017567,2.1209
0.89471,0.0096657,0.74608
0.89471,0.0096657,0.74608
0.89471,0.0096657,0.74608
0.9878,0.0089967,0.96642
1.0147,0.010189,0.92984
1.1347,0.010704,0.88049
0.74344,0.0096955,1.1732
0.74344,0.0096955,1.1732
1.1347,0.010704,0.88049
1.1347,0.010704,0.88049
1.1347,0.010704,0.88049
1.1347,0.010704,0.88049
1.2967,0.00804,0.85465
1.2859,0.011242,0.86075
1.2859,0.011242,0.86075
1.2859,0.011242,0.86075
1.2656,0.0090116,0.89762
1.2656,0.0090116,0.89762
0.6854,0.009517,1.2074
0.6854,0.009517,1.2074
0.78417,0.013039,1.19
0.78417,0.013039,1.19
0.93195,0.005582,0.51437
0.93195,0.005582,0.51437
0.93195,0.005582,0.51437
0.93195,0.005582,0.51437
0.86562,0.0085102,0.62266
0.86562,0.0085102,0.62266
0.58869,0.030787,2.7604
0.58869,0.030787,2.7604
0.58869,0.030787,2.7604
0.65294,0.027082,2.9039
0.65294,0.027082,2.9039
0.65294,0.027082,2.9039
0.72899,0.019099,2.8154
0.74588,0.019069,2.8093
0.78724,0.012475,1.457
0.78724,0.012475,1.457
0.78724,0.012475,1.457
0.78724,0.012475,1.457
0.78724,0.012475,1.457
0.78724,0.012475,1.457
0.74588,0.019069,2.8093
0.74588,0.019069,2.8093
0.73016,0.026471,2.9145
0.73016,0.026471,2.9145
1.0353,0.0056385,0.9884
1.0353,0.0056385,0.9884
1.0775,0.0092116,0.7706
1.0703,0.0064342,0.73534
1.0703,0.0064342,0.73534
1.0703,0.0064342,0.73534
1.0703,0.0064342,0.73534
0.70497,0.010969,1.332
0.91719,0.011872,1.4834
0.8398,0.012092,1.4641
0.8398,0.012092,1.4641
0.8398,0.012092,1.4641
0.8398,0.012092,1.4641
0.8398,0.012092,1.4641
0.8398,0.012092,1.4641
0.8398,0.012092,1.4641
0.8398,0.012092,1.4641
0.8398,0.012092,1.4641
0.8398,0.012092,1.4641
0.91949,0.0071103,1.1546
0.91949,0.0071103,1.1546
0.91949,0.0071103,1.1546
0.91949,0.0071103,1.1546
0.77258,0.0076476,1.144
0.79618,0.011733,0.98031
0.79618,0.011733,0.98031
0.85243,0.006262,0.92152
0.83481,0.010858,1.0911
0.83481,0.010858,1.0911
0.83481,0.010858,1.0911
0.77756,0.010338,1.0484
0.69496,0.022354,2.3494
0.69496,0.022354,2.3494
0.69496,0.022354,2.3494
0.69496,0.022354,2.3494
0.73804,0.011819,1.2028
0.73804,0.011819,1.2028
0.73804,0.011819,1.2028
0.79407,0.011279,1.2463
0.79407,0.011279,1.2463
0.80114,0.015206,1.4383
0.80114,0.015206,1.4383
0.73279,0.016323,1.5208
0.73279,0.016323,1.5208
0.81816,0.013408,1.5858
0.86679,0.017142,1.7321
0.86679,0.017142,1.7321
0.96322,0.01143,1.3112
1.0362,0.016723,1.3562
1.0362,0.016723,1.3562
1.0362,0.016723,1.3562
1.0362,0.016723,1.3562
0.75891,0.017721,1.7485
0.75891,0.017721,1.7485
0.75891,0.017721,1.7485
1.0425,0.004534,0.80654
1.0425,0.004534,0.80654
1.0425,0.004534,0.80654
1.0425,0.004534,0.80654
0.89836,0.0074028,1.2752
0.89836,0.0074028,1.2752
0.97978,0.014003,1.5302
0.97978,0.014003,1.5302
0.84304,0.011218,1.3182
0.78637,0.010036,1.321
0.68957,0.017624,1.7192
0.68957,0.017624,1.7192
0.68316,0.018678,1.7471
0.68316,0.018678,1.7471
0.68316,0.018678,1.7471
0.68316,0.018678,1.7471
0.68532,0.013227,1.8468
0.96076,0.0087311,0.73467
0.96076,0.0087311,0.73467
0.96076,0.0087311,0.73467
0.84196,0.0089165,1.4404
0.84196,0.0089165,1.4404
0.84196,0.0089165,1.4404
0.84196,0.0089165,1.4404
0.84196,0.0089165,1.4404
0.84196,0.0089165,1.4404
0.98724,0.0057396,0.78644
0.98724,0.0057396,0.78644
0.94413,0.014561,1.67
1.0008,0.015178,1.6269
1.0008,0.015178,1.6269
0.84196,0.0089165,1.4404
0.84196,0.0089165,1.4404
0.84196,0.0089165,1.4404
0.87737,0.009701,1.3621
0.84664,0.013583,1.8969
0.84664,0.013583,1.8969
0.84664,0.013583,1.8969
0.84664,0.013583,1.8969
0.84664,0.013583,1.8969
0.84664,0.013583,1.8969
0.84664,0.013583,1.8969
0.89872,0.0051365,0.6002
1.0068,0.0043406,0.53817
1.0528,0.0064899,0.64698
0.86033,0.015284,1.4484
0.86033,0.015284,1.4484
1.2157,0.025856,1.8563
1.2281,0.023477,1.8221
1.2281,0.023477,1.8221
1.2281,0.023477,1.8221
0.86033,0.015284,1.4484
0.86033,0.015284,1.4484
0.86033,0.015284,1.4484
0.86033,0.015284,1.4484
0.86033,0.015284,1.4484
1.112,0.012488,1.1507
1.112,0.012488,1.1507
1.112,0.012488,1.1507
1.112,0.012488,1.1507
1.112,0.012488,1.1507
0.69367,0.0070564,0.97076
0.69367,0.0070564,0.97076
0.69367,0.0070564,0.97076
1.326,0.019785,1.661
1.326,0.019785,1.661
1.2464,0.013811,1.1695
1.2464,0.013811,1.1695
0.69367,0.0070564,0.97076
0.69367,0.0070564,0.97076
1.2464,0.013811,1.1695
1.2464,0.013811,1.1695
0.69367,0.0070564,0.97076
0.69367,0.0070564,0.97076
0.69367,0.0070564,0.97076
1.0912,0.01321,1.2322
1.0912,0.01321,1.2322
1.0283,0.0176,1.1944
1.0283,0.0176,1.1944
0.69367,0.0070564,0.97076
0.69367,0.0070564,0.97076
0.69367,0.0070564,0.97076
0.69367,0.0070564,0.97076
0.69367,0.0070564,0.97076
0.77614,0.0048343,0.59775
0.77614,0.0048343,0.59775
1.0663,0.016094,1.2589
1.0663,0.016094,1.2589
1.0663,0.016094,1.2589
1.0663,0.016094,1.2589
1.0663,0.016094,1.2589
1.0663,0.016094,1.2589
1.7467,0.022096,1.856
1.7467,0.022096,1.856
1.7467,0.022096,1.856
1.7467,0.022096,1.856
1.7467,0.022096,1.856
1.7467,0.022096,1.856
1.7467,0.022096,1.856
1.7467,0.022096,1.856
1.7467,0.022096,1.856
1.7467,0.022096,1.856
1.7467,0.022096,1.856
1.7467,0.022096,1.856
1.7467,0.022096,1.856
1.7467,0.022096,1.856
1.7497,0.026429,1.9723
0.92655,0.015426,1.3512
0.92655,0.015426,1.3512
1.7802,0.023562,2.0022
1.7802,0.023562,2.0022
0.76972,0.0067719,0.6752
0.76972,0.0067719,0.6752
0.92655,0.015426,1.3512
0.92655,0.015426,1.3512
0.80623,0.0078263,0.72096
0.87493,0.0042607,0.68953
0.92655,0.015426,1.3512
0.92655,0.015426,1.3512
0.92655,0.015426,1.3512
0.92655,0.015426,1.3512
0.8546,0.020172,1.77
0.91349,0.010888,1.6745
0.92391,0.0062352,0.57045
0.92391,0.0062352,0.57045
0.92655,0.015426,1.3512
0.92655,0.015426,1.3512
0.90491,0.012658,1.5153
0.90491,0.012658,1.5153
0.84589,0.004589,0.58954
0.84589,0.004589,0.58954
0.90854,0.012696,1.4688
0.90491,0.012658,1.5153
0.7106,0.012076,1.9227
0.7374,0.010408,1.811
0.7374,0.010408,1.811
0.84589,0.004589,0.58954
0.84589,0.004589,0.58954
0.7374,0.010408,1.811
0.7374,0.010408,1.811
0.7374,0.010408,1.811
0.7374,0.010408,1.811
0.81475,0.019021,1.9447
0.81475,0.019021,1.9447
0.81475,0.019021,1.9447
0.62217,0.016399,1.7303
0.62217,0.016399,1.7303
0.62217,0.016399,1.7303
0.95168,0.0048161,0.58087
0.95168,0.0048161,0.58087
0.95168,0.0048161,0.58087
0.62217,0.016399,1.7303
0.62217,0.016399,1.7303
0.62217,0.016399,1.7303
0.62217,0.016399,1.7303
0.77448,0.013781,1.8551
0.77448,0.013781,1.8551
0.77448,0.013781,1.8551
0.79856,0.014697,1.8168
0.79856,0.014697,1.8168
0.9221,0.0071523,0.59117
0.9221,0.0071523,0.59117
0.74873,0.0055282,0.48707
0.74873,0.0055282,0.48707
0.74873,0.0055282,0.48707
0.74873,0.0055282,0.48707
0.74873,0.0055282,0.48707
1.4428,0.013494,1.0935
1.4428,0.013494,1.0935
1.4428,0.013494,1.0935
0.67414,0.01465,1.7544
0.61554,0.014112,1.6607
0.74873,0.0055282,0.48707
0.74873,0.0055282,0.48707
0.74873,0.0055282,0.48707
0.74873,0.0055282,0.48707
1.4428,0.013494,1.0935
1.4428,0.013494,1.0935
1.4428,0.013494,1.0935
0.74873,0.0055282,0.48707
0.74873,0.0055282,0.48707
0.74873,0.0055282,0.48707
1.3931,0.013234,1.2831
1.3931,0.013234,1.2831
1.3931,0.013234,1.2831
1.3931,0.013234,1.2831
1.3931,0.013234,1.2831
1.3931,0.013234,1.2831
1.3931,0.013234,1.2831
1.2531,0.015909,1.3312
1.2531,0.015909,1.3312
0.80113,0.010193,1.5636
0.80113,0.010193,1.5636
0.80113,0.010193,1.5636
0.80113,0.010193,1.5636
0.80113,0.010193,1.5636
0.80113,0.010193,1.5636
0.80113,0.010193,1.5636
0.82611,0.0054473,0.56013
0.82611,0.0054473,0.56013
0.82611,0.0054473,0.56013
0.82611,0.0054473,0.56013
0.82611,0.0054473,0.56013
0.82611,0.0054473,0.56013
0.94575,0.0053101,0.51979
0.94575,0.0053101,0.51979
0.94575,0.0053101,0.51979
0.94575,0.0053101,0.51979
0.94575,0.0053101,0.51979
0.94575,0.0053101,0.51979
0.94575,0.0053101,0.51979
0.94575,0.0053101,0.51979
0.94575,0.0053101,0.51979
0.79454,0.0054411,0.5361
0.79454,0.0054411,0.5361
1.1505,0.011904,1.1103
1.1505,0.011904,1.1103
1.1505,0.011904,1.1103
1.1505,0.011904,1.1103
1.1505,0.011904,1.1103
1.1505,0.011904,1.1103
1.1505,0.011904,1.1103
1.1505,0.011904,1.1103
1.1505,0.011904,1.1103
1.1505,0.011904,1.1103
0.96162,0.003587,0.46399
0.96162,0.003587,0.46399
0.96162,0.003587,0.46399
0.96162,0.003587,0.46399
0.96162,0.003587,0.46399
0.96162,0.003587,0.46399
0.96162,0.003587,0.46399
0.96162,0.003587,0.46399
0.77123,0.014407,1.4525
0.77123,0.014407,1.4525
0.77123,0.014407,1.4525
0.77123,0.014407,1.4525
0.77123,0.014407,1.4525
0.77123,0.014407,1.4525
0.77123,0.014407,1.4525
0.77123,0.014407,1.4525
0.77123,0.014407,1.4525
0.93134,0.0049692,0.76305
0.93134,0.0049692,0.76305
0.81302,0.011321,0.83907
0.81302,0.011321,0.83907
0.81302,0.011321,0.83907
0.81302,0.011321,0.83907
0.87746,0.01107,0.88383
1.0982,0.015364,1.262
1.0982,0.015364,1.262
1.0982,0.015364,1.262
1.0982,0.015364,1.262
1.0857,0.016408,1.2893
1.0857,0.016408,1.2893
1.0857,0.016408,1.2893
1.1378,0.012769,1.3753
1.1378,0.012769,1.3753
1.1378,0.012769,1.3753
1.1378,0.012769,1.3753
1.1378,0.012769,1.3753
1.111,0.011936,1.4741
0.84706,0.011711,1.3273
0.84706,0.011711,1.3273
0.84706,0.011711,1.3273
0.84706,0.011711,1.3273
0.9544,0.0056533,0.73893
0.9544,0.0056533,0.73893
0.9544,0.0056533,0.73893
0.82288,0.0044022,0.74814
0.82288,0.0044022,0.74814
0.82288,0.0044022,0.74814
0.82288,0.0044022,0.74814
0.87484,0.0096135,1.2521
0.92409,0.011859,1.2089
0.98721,0.0057185,1.0172
0.98721,0.0057185,1.0172
1.0713,0.0077417,0.92673
1.0713,0.0077417,0.92673
1.0926,0.010783,0.95602
1.0492,0.0054566,0.99493
0.80557,0.013334,1.954
0.73508,0.013003,2.0171
0.73508,0.013003,2.0171
0.87626,0.011454,1.2912
0.87626,0.011454,1.2912
0.87626,0.011454,1.2912
0.87626,0.011454,1.2912
1.0269,0.009472,0.77271
1.0669,0.0058036,0.70179
1.0669,0.0058036,0.70179
1.0669,0.0058036,0.70179
1.0669,0.0058036,0.70179
1.0669,0.0058036,0.70179
1.0669,0.0058036,0.70179
0.86576,0.0097173,1.0633
0.86576,0.0097173,1.0633
0.86576,0.0097173,1.0633
0.93563,0.0041915,0.85781
0.93261,0.0063796,0.82508
0.93261,0.0063796,0.82508
0.93261,0.0063796,0.82508
0.93261,0.0063796,0.82508
1.0225,0.006002,0.82668
0.94014,0.011261,1.1101
0.94014,0.011261,1.1101
0.94014,0.011261,1.1101
1.0311,0.014389,1.183
0.99464,0.01261,1.1183
0.99464,0.01261,1.1183
0.99464,0.01261,1.1183
0.99464,0.01261,1.1183
0.96439,0.0042612,0.60043
0.96439,0.0042612,0.60043
0.96439,0.0042612,0.60043
0.96439,0.0042612,0.60043
0.96439,0.0042612,0.60043
0.98624,0.0067744,0.56068
0.98624,0.0067744,0.56068
1.012,0.0099605,0.86436
1.012,0.0099605,0.86436
0.94407,0.0058362,0.85155
0.94407,0.0058362,0.85155
0.94407,0.0058362,0.85155
1.0218,0.0050179,0.48758
0.98929,0.0045615,0.44438
0.98929,0.0045615,0.44438
0.98929,0.0045615,0.44438
0.98929,0.0045615,0.44438
0.98929,0.0045615,0.44438
0.98929,0.0045615,0.44438
0.97104,0.0057732,0.49004
0.94675,0.0049262,0.79924
0.94675,0.0049262,0.79924
0.94675,0.0049262,0.79924
0.94675,0.0049262,0.79924
1.5684,0.015113,1.1378
1.5684,0.015113,1.1378
0.94675,0.0049262,0.79924
0.94675,0.0049262,0.79924
0.94675,0.0049262,0.79924
0.94675,0.0049262,0.79924
0.94675,0.0049262,0.79924
0.97104,0.0057732,0.49004
0.97104,0.0057732,0.49004
0.97104,0.0057732,0.49004
0.97104,0.0057732,0.49004
0.97104,0.0057732,0.49004
0.97104,0.0057732,0.49004
0.98381,0.0062336,0.45328
0.98381,0.0062336,0.45328
0.98381,0.0062336,0.45328
0.98381,0.0062336,0.45328
0.98381,0.0062336,0.45328
0.98381,0.0062336,0.45328
0.98381,0.0062336,0.45328
0.98381,0.0062336,0.45328
0.98381,0.0062336,0.45328
0.98381,0.0062336,0.45328
0.89124,0.0030907,0.39142
0.89124,0.0030907,0.39142
0.94416,0.012163,1.3064
0.94416,0.012163,1.3064
0.94416,0.012163,1.3064
0.94416,0.012163,1.3064
0.94416,0.012163,1.3064
0.94416,0.012163,1.3064
0.94416,0.012163,1.3064
0.94416,0.012163,1.3064
0.94416,0.012163,1.3064
0.94416,0.012163,1.3064
0.94416,0.012163,1.3064
0.94416,0.012163,1.3064
0.94416,0.012163,1.3064
0.96059,0.0040615,0.33051
0.96059,0.0040615,0.33051
0.96059,0.0040615,0.33051
0.96059,0.0040615,0.33051
0.96059,0.0040615,0.33051
0.96059,0.0040615,0.33051
0.96059,0.0040615,0.33051
0.96059,0.0040615,0.33051
0.96059,0.0040615,0.33051
0.96059,0.0040615,0.33051
0.8969,0.0049913,0.38207
0.8969,0.0049913,0.38207
0.8969,0.0049913,0.38207
0.83987,0.0086599,1.2515
0.83987,0.0086599,1.2515
0.83987,0.0086599,1.2515
0.78731,0.010614,1.2494
0.74727,0.0089266,1.1737
0.74727,0.0089266,1.1737
0.74727,0.0089266,1.1737
0.74727,0.0089266,1.1737
0.74727,0.0089266,1.1737
0.74727,0.0089266,1.1737
0.74727,0.0089266,1.1737
0.86727,0.0063154,0.63866
0.86727,0.0063154,0.63866
0.98488,0.0061051,0.54989
0.98488,0.0061051,0.54989
0.98488,0.0061051,0.54989
0.98488,0.0061051,0.54989
0.98488,0.0061051,0.54989
0.84331,0.010103,0.72759
0.84331,0.010103,0.72759
0.84331,0.010103,0.72759
0.69283,0.011396,1.1631
0.69283,0.011396,1.1631
0.69283,0.011396,1.1631
0.69283,0.011396,1.1631
0.69283,0.011396,1.1631
0.69283,0.011396,1.1631
0.69283,0.011396,1.1631
0.69283,0.011396,1.1631
0.69283,0.011396,1.1631
0.79248,0.0082523,1.2398
0.79248,0.0082523,1.2398
0.79248,0.0082523,1.2398
0.79248,0.0082523,1.2398
0.95924,0.010868,1.2004
0.95924,0.010868,1.2004
0.95924,0.010868,1.2004
0.95924,0.010868,1.2004
0.95924,0.010868,1.2004
0.75378,0.0049676,0.4835
0.75378,0.0049676,0.4835
0.75378,0.0049676,0.4835
0.75378,0.0049676,0.4835
0.75378,0.0049676,0.4835
0.75378,0.0049676,0.4835
0.75378,0.0049676,0.4835
0.75378,0.0049676,0.4835
0.84457,0.0078291,0.61146
0.84457,0.0078291,0.61146
0.71772,0.013191,1.1553
0.74317,0.010244,1.1556
0.74317,0.010244,1.1556
0.74317,0.010244,1.1556
0.74317,0.010244,1.1556
0.70936,0.011634,1.1185
0.70936,0.011634,1.1185
0.77866,0.016204,1.2437
0.77866,0.016204,1.2437
0.69378,0.010088,1.2062
0.69378,0.010088,1.2062
0.69378,0.010088,1.2062
0.69378,0.010088,1.2062
0.8708,0.010024,1.0306
0.8708,0.010024,1.0306
0.8708,0.010024,1.0306
0.8708,0.010024,1.0306
0.8708,0.010024,1.0306
0.8708,0.010024,1.0306
0.8708,0.010024,1.0306
0.8708,0.010024,1.0306
0.8708,0.010024,1.0306
0.8708,0.010024,1.0306
0.8708,0.010024,1.0306
0.8708,0.010024,1.0306
0.8708,0.010024,1.0306
0.8708,0.010024,1.0306
0.90715,0.0049795,0.80266
0.90715,0.0049795,0.80266
0.90715,0.0049795,0.80266
0.90715,0.0049795,0.80266
0.90715,0.0049795,0.80266
0.90715,0.0049795,0.80266
1.0489,0.0081792,0.87999
0.83362,0.015509,1.2845
0.83362,0.015509,1.2845
0.83362,0.015509,1.2845
0.8938,0.0085748,1.3678
0.8938,0.0085748,1.3678
0.8938,0.0085748,1.3678
0.8938,0.0085748,1.3678
1.0481,0.012246,1.1832
1.0481,0.012246,1.1832
1.0342,0.014776,1.2887
1.0342,0.014776,1.2887
1.0342,0.014776,1.2887
1.1179,0.0057125,0.76469
1.1179,0.0057125,0.76469
1.0503,0.0097138,0.97781
1.0503,0.0097138,0.97781
0.92977,0.0055366,0.87742
0.92977,0.0055366,0.87742
0.92977,0.0055366,0.87742
0.92977,0.0055366,0.87742
0.92977,0.0055366,0.87742
0.92977,0.0055366,0.87742
0.83476,0.0067981,0.91596
0.96917,0.008341,0.74485
0.96248,0.0077508,0.67862
0.96248,0.0077508,0.67862
0.96248,0.0077508,0.67862
0.96248,0.0077508,0.67862
0.96248,0.0077508,0.67862
0.96248,0.0077508,0.67862
0.93054,0.0049591,0.65472
1.0332,0.0046607,0.66552
1.0332,0.0046607,0.66552
0.81149,0.0061143,0.84963
0.81149,0.0061143,0.84963
0.81149,0.0061143,0.84963
0.81149,0.0061143,0.84963
0.81149,0.0061143,0.84963
0.81149,0.0061143,0.84963
0.81149,0.0061143,0.84963
0.81149,0.0061143,0.84963
0.81149,0.0061143,0.84963
0.81149,0.0061143,0.84963
0.81149,0.0061143,0.84963
0.81149,0.0061143,0.84963
0.81149,0.0061143,0.84963
0.81149,0.0061143,0.84963
0.84128,0.010622,1.1407
0.84128,0.010622,1.1407
0.84128,0.010622,1.1407
0.84128,0.010622,1.1407
0.84128,0.010622,1.1407
0.88365,0.009973,0.94877
0.91561,0.0078974,0.97083
0.91561,0.0078974,0.97083
1.1212,0.0042484,0.63236
1.1845,0.0049037,0.61539
1.1845,0.0049037,0.61539
1.1845,0.0049037,0.61539
1.1845,0.0049037,0.61539
1.1845,0.0049037,0.61539
1.1845,0.0049037,0.61539
0.99984,0.0095952,0.94211
0.99984,0.0095952,0.94211
0.99984,0.0095952,0.94211
0.99984,0.0095952,0.94211
0.99984,0.0095952,0.94211
0.99984,0.0095952,0.94211
0.99984,0.0095952,0.94211
0.92236,0.0067163,0.75858
0.92236,0.0067163,0.75858
0.92236,0.0067163,0.75858
0.92236,0.0067163,0.75858
1.069,0.0055745,0.73374
1.0284,0.0094433,1.0277
1.0284,0.0094433,1.0277
1.0284,0.0094433,1.0277
1.0284,0.0094433,1.0277
1.0284,0.0094433,1.0277
1.0203,0.014041,1.0631
1.0203,0.014041,1.0631
0.97244,0.0081284,1.1915
0.95371,0.0073097,0.73789
0.95371,0.0073097,0.73789
0.95371,0.0073097,0.73789
0.95371,0.0073097,0.73789
0.96253,0.009203,0.91121
0.96253,0.009203,0.91121
0.96253,0.009203,0.91121
0.96253,0.009203,0.91121
0.77898,0.0072014,0.92621
0.77898,0.0072014,0.92621
0.77898,0.0072014,0.92621
0.77898,0.0072014,0.92621
0.77898,0.0072014,0.92621
0.77898,0.0072014,0.92621
0.77898,0.0072014,0.92621
0.77898,0.0072014,0.92621
0.77898,0.0072014,0.92621
0.77898,0.0072014,0.92621
0.79066,0.0094647,0.88384
1.0463,0.016,1.4817
1.1331,0.01407,1.316
1.1331,0.01407,1.316
1.1331,0.01407,1.316
1.1331,0.01407,1.316
1.1331,0.01407,1.316
1.1331,0.01407,1.316
1.1331,0.01407,1.316
1.1331,0.01407,1.316
1.1331,0.01407,1.316
1.1331,0.01407,1.316
1.1331,0.01407,1.316
1.1331,0.01407,1.316
1.1331,0.01407,1.316
1.1331,0.01407,1.316
1.1331,0.01407,1.316
1.1331,0.01407,1.316
1.1331,0.01407,1.316
1.1331,0.01407,1.316
1.1331,0.01407,1.316
1.1331,0.01407,1.316
1.1331,0.01407,1.316
1.1331,0.01407,1.316
1.1331,0.01407,1.316
1.1331,0.01407,1.316
1.1331,0.01407,1.316
1.1375,0.014129,1.1988
0.81918,0.0058037,0.84641
0.81918,0.0058037,0.84641
0.81918,0.0058037,0.84641
0.81918,0.0058037,0.84641
0.81918,0.0058037,0.84641
0.94184,0.0082987,0.9415
0.94184,0.0082987,0.9415
0.94184,0.0082987,0.9415
0.94184,0.0082987,0.9415
0.94184,0.0082987,0.9415
0.93773,0.007116,0.9118
0.93773,0.007116,0.9118
0.93773,0.007116,0.9118
1.0189,0.0070778,1.0009
1.0189,0.0070778,1.0009
1.0016,0.0091105,0.87322
1.0016,0.0091105,0.87322
1.0016,0.0091105,0.87322
1.0695,0.0069147,0.84261
1.0695,0.0069147,0.84261
1.0695,0.0069147,0.84261
1.1011,0.010308,1.0139
0.89662,0.0070569,0.92257
0.89662,0.0070569,0.92257
0.90987,0.0093731,0.97139
0.92916,0.0047189,0.65031
0.92916,0.0047189,0.65031
0.92916,0.0047189,0.65031
0.92916,0.0047189,0.65031
0.92916,0.0047189,0.65031
0.92916,0.0047189,0.65031
0.94074,0.021558,1.4404
0.94074,0.021558,1.4404
1.1003,0.01426,1.3414
1.1003,0.01426,1.3414
1.1003,0.01426,1.3414
1.1003,0.01426,1.3414
1.1003,0.01426,1.3414
1.1003,0.01426,1.3414
0.98734,0.01202,1.3752
0.98734,0.01202,1.3752
1.032,0.012869,1.3265
1.032,0.012869,1.3265
1.032,0.012869,1.3265
1.0708,0.013732,1.3068
1.0708,0.013732,1.3068
1.0708,0.013732,1.3068
1.0708,0.013732,1.3068
1.0708,0.013732,1.3068
1.1448,0.018437,1.3551
1.0228,0.01459,1.2791
1.0228,0.01459,1.2791
1.0228,0.01459,1.2791
1.0847,0.012342,1.3115
1.0807,0.015764,1.2255
1.0807,0.015764,1.2255
1.2824,0.010906,0.71394
1.2824,0.010906,0.71394
1.2824,0.010906,0.71394
1.2824,0.010906,0.71394
1.2824,0.010906,0.71394
1.2467,0.0031211,0.6049
1.2467,0.0031211,0.6049
1.2467,0.0031211,0.6049
1.2467,0.0031211,0.6049
1.205,0.016235,1.1414
1.205,0.016235,1.1414
1.1419,0.014031,1.1682
1.1419,0.014031,1.1682
1.1419,0.014031,1.1682
1.1419,0.014031,1.1682
1.1419,0.014031,1.1682
1.1419,0.014031,1.1682
1.0849,0.013482,1.1981
0.97872,0.014562,1.1881
0.97872,0.014562,1.1881
0.97872,0.014562,1.1881
0.97872,0.014562,1.1881
1.1305,0.014392,1.0722
1.1305,0.014392,1.0722
1.1305,0.014392,1.0722
1.2077,0.011313,1.0469
0.95333,0.011488,1.1697
0.86699,0.015824,1.1033
0.86699,0.015824,1.1033
0.90001,0.0054568,0.67945
0.90001,0.0054568,0.67945
0.90001,0.0054568,0.67945
0.90001,0.0054568,0.67945
1.1864,0.005648,0.63489
1.1864,0.005648,0.63489
1.1864,0.005648,0.63489
1.1864,0.005648,0.63489
1.1864,0.005648,0.63489
1.1864,0.005648,0.63489
0.90001,0.0054568,0.67945
0.90001,0.0054568,0.67945
0.90001,0.0054568,0.67945
0.90001,0.0054568,0.67945
0.90001,0.0054568,0.67945
0.86217,0.0071402,0.62326
0.86217,0.0071402,0.62326
1.2553,0.0089647,0.92234
1.2553,0.0089647,0.92234
1.2553,0.0089647,0.92234
1.2553,0.0089647,0.92234
1.2553,0.0089647,0.92234
1.2553,0.0089647,0.92234
1.2553,0.0089647,0.92234
1.2553,0.0089647,0.92234
1.2553,0.0089647,0.92234
1.2553,0.0089647,0.92234
1.2929,0.011497,1.0667
1.2929,0.011497,1.0667
1.2929,0.011497,1.0667
1.2003,0.013464,1.0896
1.2003,0.013464,1.0896
1.2003,0.013464,1.0896
1.2003,0.013464,1.0896
1.2003,0.013464,1.0896
1.2003,0.013464,1.0896
1.2003,0.013464,1.0896
1.2003,0.013464,1.0896
0.91601,0.0054381,0.90225
0.77705,0.011275,0.94891
0.98223,0.0083385,0.8032
0.98223,0.0083385,0.8032
0.98223,0.0083385,0.8032
0.98223,0.0083385,0.8032
0.98223,0.0083385,0.8032
0.79621,0.0097658,0.85419
0.84552,0.016862,1.452
0.84552,0.016862,1.452
0.84552,0.016862,1.452
0.80299,0.0097437,1.4101
0.80299,0.0097437,1.4101
0.78368,0.017858,1.4727
0.78368,0.017858,1.4727
0.79921,0.014423,1.4127
0.79921,0.014423,1.4127
0.79921,0.014423,1.4127
0.79921,0.014423,1.4127
1.0039,0.008047,0.81966
0.9218,0.0053809,0.82695
0.9218,0.0053809,0.82695
0.9218,0.0053809,0.82695
0.9218,0.0053809,0.82695
0.9218,0.0053809,0.82695
0.9218,0.0053809,0.82695
0.9218,0.0053809,0.82695
0.9218,0.0053809,0.82695
0.9633,0.0090977,0.70446
0.99117,0.0041138,0.76718
0.99117,0.0041138,0.76718
0.99117,0.0041138,0.76718
0.99117,0.0041138,0.76718
0.90914,0.014455,1.3995
0.90914,0.014455,1.3995
0.90914,0.014455,1.3995
0.875,0.013021,1.5248
0.84222,0.010264,1.6423
0.69734,0.011914,1.5847
0.69734,0.011914,1.5847
0.69734,0.011914,1.5847
0.69734,0.011914,1.5847
0.69734,0.011914,1.5847
0.73655,0.012889,1.6897
0.73655,0.012889,1.6897
0.79663,0.012723,1.7464
0.82075,0.0073147,0.86367
0.82075,0.0073147,0.86367
0.82075,0.0073147,0.86367
0.874,0.0063268,0.93678
0.71999,0.019406,1.7711
0.69047,0.015155,1.7685
0.69047,0.015155,1.7685
0.69047,0.015155,1.7685
0.874,0.0063268,0.93678
0.95322,0.0070618,0.95528
1.1038,0.0080655,0.85747
1.1038,0.0080655,0.85747
1.138,0.0075916,0.76625
1.138,0.0075916,0.76625
1.138,0.0075916,0.76625
1.138,0.0075916,0.76625
1.0751,0.0033832,0.77701
1.1254,0.0041329,0.65156
1.1254,0.0041329,0.65156
1.1216,0.0062409,0.62148
1.1216,0.0062409,0.62148
1.1216,0.0062409,0.62148
1.1216,0.0062409,0.62148
1.1378,0.0058654,0.60588
1.1378,0.0058654,0.60588
0.75732,0.01067,1.519
0.63692,0.012874,1.4907
0.63692,0.012874,1.4907
0.63692,0.012874,1.4907
0.68181,0.017568,1.7155
0.68181,0.017568,1.7155
0.68181,0.017568,1.7155
0.79048,0.015191,1.6985
0.79048,0.015191,1.6985
0.685,0.022553,1.6651
0.8292,0.017001,1.3858
0.83339,0.0075702,1.4204
0.83339,0.0075702,1.4204
0.99068,0.011383,1.2292
0.99068,0.011383,1.2292
0.87909,0.013097,1.2298
0.84611,0.011545,1.207
0.84611,0.011545,1.207
0.84611,0.011545,1.207
0.84611,0.011545,1.207
0.85,0.01216,1.4789
0.71877,0.010492,1.4696
0.71877,0.010492,1.4696
0.71877,0.010492,1.4696
0.71877,0.010492,1.4696
0.70766,0.010223,1.415
0.70766,0.010223,1.415
0.70766,0.010223,1.415
0.70766,0.010223,1.415
0.85169,0.013337,1.2824
0.85169,0.013337,1.2824
0.85169,0.013337,1.2824
0.85169,0.013337,1.2824
0.85169,0.013337,1.2824
0.85169,0.013337,1.2824
0.85169,0.013337,1.2824
0.9317,0.011267,1.249
0.9317,0.011267,1.249
0.9317,0.011267,1.249
0.9317,0.011267,1.249
0.9317,0.011267,1.249
0.9317,0.011267,1.249
0.82043,0.01087,1.206
0.82043,0.01087,1.206
0.81527,0.0081371,0.86374
0.81527,0.0081371,0.86374
0.81527,0.0081371,0.86374
0.81527,0.0081371,0.86374
0.81527,0.0081371,0.86374
1.1986,0.010911,0.88607
1.1034,0.0091654,0.90012
0.87218,0.011811,1.1279
0.87218,0.011811,1.1279
0.89221,0.010024,1.1712
0.89221,0.010024,1.1712
0.89221,0.010024,1.1712
0.89606,0.0080006,1.0399
0.89606,0.0080006,1.0399
0.89606,0.0080006,1.0399
0.6956,0.011917,1.4598
0.6956,0.011917,1.4598
0.6956,0.011917,1.4598
0.6956,0.011917,1.4598
0.6956,0.011917,1.4598
0.69902,0.01145,1.541
0.69902,0.01145,1.541
0.69902,0.01145,1.541
0.69902,0.01145,1.541
0.80028,0.016536,1.5364
0.80028,0.016536,1.5364
0.80028,0.016536,1.5364
0.80028,0.016536,1.5364
0.80028,0.016536,1.5364
1.141,0.0038211,0.74608
1.141,0.0038211,0.74608
1.141,0.0038211,0.74608
1.141,0.0038211,0.74608
1.141,0.0038211,0.74608
1.141,0.0038211,0.74608
1.141,0.0038211,0.74608
1.141,0.0038211,0.74608
1.141,0.0038211,0.74608
1.0313,0.010307,0.75987
1.0313,0.010307,0.75987
1.0313,0.010307,0.75987
1.0509,0.0076382,0.91318
1.0509,0.0076382,0.91318
1.282,0.011076,0.91868
1.282,0.011076,0.91868
1.2622,0.011911,0.84098
1.2622,0.011911,0.84098
1.2622,0.011911,0.84098
1.2622,0.011911,0.84098
1.2622,0.011911,0.84098
1.1085,0.010949,0.78658
0.9252,0.0049299,0.83348
0.89466,0.0092598,0.71094
0.89466,0.0092598,0.71094
0.89466,0.0092598,0.71094
0.89466,0.0092598,0.71094
0.89466,0.0092598,0.71094
0.89466,0.0092598,0.71094
0.89466,0.0092598,0.71094
0.89466,0.0092598,0.71094
0.92058,0.0038019,0.70015
0.98277,0.0043626,0.63647
0.91196,0.0052672,0.3892
0.91196,0.0052672,0.3892
0.91196,0.0052672,0.3892
0.91196,0.0052672,0.3892
1.048,0.0053462,0.49368
1.048,0.0053462,0.49368
1.048,0.0053462,0.49368
1.0922,0.0057505,0.47884
1.0922,0.0057505,0.47884
1.1836,0.0048399,0.50088
1.1836,0.0048399,0.50088
1.1836,0.0048399,0.50088
1.1478,0.0050954,0.64147
1.1478,0.0050954,0.64147
1.1478,0.0050954,0.64147
1.1423,0.0070251,0.63756
1.1423,0.0070251,0.63756
1.1423,0.0070251,0.63756
1.1423,0.0070251,0.63756
1.1423,0.0070251,0.63756
1.1619,0.0069898,0.72343
1.1619,0.0069898,0.72343
1.101,0.0040247,0.6974
1.101,0.0040247,0.6974
1.0417,0.0071636,0.67494
1.0417,0.0071636,0.67494
1.0417,0.0071636,0.67494
1.0417,0.0071636,0.67494
0.86314,0.0077761,0.67148
0.86314,0.0077761,0.67148
0.86314,0.0077761,0.67148
0.86314,0.0077761,0.67148
0.86314,0.0077761,0.67148
0.86314,0.0077761,0.67148
0.79605,0.0067995,0.79898
0.81923,0.0063109,0.83966
1.0428,0.0040405,0.61546
0.86034,0.014006,1.4372
0.86034,0.014006,1.4372
0.82984,0.011384,1.3259
0.82984,0.011384,1.3259
0.82984,0.011384,1.3259
0.82984,0.011384,1.3259
0.82984,0.011384,1.3259
0.80384,0.01107,1.3908
0.7976,0.015137,1.461
0.7976,0.015137,1.461
0.7976,0.015137,1.461
0.7976,0.015137,1.461
0.9512,0.016899,1.5415
0.9487,0.0040443,0.59519
0.9487,0.0040443,0.59519
0.9487,0.0040443,0.59519
0.9487,0.0040443,0.59519
0.9487,0.0040443,0.59519
0.9487,0.0040443,0.59519
0.99293,0.0073468,0.62563
0.99293,0.0073468,0.62563
1.016,0.0068507,0.61265
0.83474,0.014417,1.241
0.83474,0.014417,1.241
0.83474,0.014417,1.241
0.83474,0.014417,1.241
0.83474,0.014417,1.241
0.83474,0.014417,1.241
0.90272,0.014178,1.2022
0.90272,0.014178,1.2022
0.9332,0.01715,1.4009
0.9332,0.01715,1.4009
0.87918,0.0057344,0.54425
0.87918,0.0057344,0.54425
0.87918,0.0057344,0.54425
0.87918,0.0057344,0.54425
0.7518,0.0081132,0.65236
0.7518,0.0081132,0.65236
0.7518,0.0081132,0.65236
0.7518,0.0081132,0.65236
0.7518,0.0081132,0.65236
0.75837,0.0061197,0.62292
0.97384,0.0065401,0.75004
0.97384,0.0065401,0.75004
0.90641,0.0062247,0.68314
0.90641,0.0062247,0.68314
0.90641,0.0062247,0.68314
0.74444,0.0074882,0.78028
0.74444,0.0074882,0.78028
0.74444,0.0074882,0.78028
0.74444,0.0074882,0.78028
1.2252,0.0045021,0.48234
1.2252,0.0045021,0.48234
1.2252,0.0045021,0.48234
1.1473,0.0038553,0.39571
1.1473,0.0038553,0.39571
1.1473,0.0038553,0.39571
1.1117,0.0066913,0.55948
1.1117,0.0066913,0.55948
1.1117,0.0066913,0.55948
0.76226,0.0060045,0.62654
0.76226,0.0060045,0.62654
0.76226,0.0060045,0.62654
0.76226,0.0060045,0.62654
0.76226,0.0060045,0.62654
0.76226,0.0060045,0.62654
0.76226,0.0060045,0.62654
1.1117,0.0066913,0.55948
1.1117,0.0066913,0.55948
1.0653,0.0044986,0.57076
1.0653,0.0044986,0.57076
1.0653,0.0044986,0.57076
1.0653,0.0044986,0.57076
1.0653,0.0044986,0.57076
1.249,0.0066412,0.64021
1.249,0.0066412,0.64021
1.249,0.0066412,0.64021
0.74571,0.0068256,0.89125
0.74571,0.0068256,0.89125
0.74571,0.0068256,0.89125
0.74571,0.0068256,0.89125
0.72325,0.007662,0.78835
0.77601,0.0069039,0.73859
1.2144,0.0037239,0.62525
1.2144,0.0037239,0.62525
1.2144,0.0037239,0.62525
1.2144,0.0037239,0.62525
1.2144,0.0037239,0.62525
1.095,0.0077745,0.60755
0.77601,0.0069039,0.73859
0.77601,0.0069039,0.73859
0.77601,0.0069039,0.73859
0.77601,0.0069039,0.73859
0.77601,0.0069039,0.73859
0.77601,0.0069039,0.73859
0.77601,0.0069039,0.73859
0.77601,0.0069039,0.73859
1.2752,0.004725,0.58632
1.2752,0.004725,0.58632
1.127,0.0055283,0.7482
1.127,0.0055283,0.7482
1.127,0.0055283,0.7482
1.1884,0.005965,0.8591
1.1884,0.005965,0.8591
1.1385,0.0099343,0.88149
1.1385,0.0099343,0.88149
1.1385,0.0099343,0.88149
1.1385,0.0099343,0.88149
0.84472,0.015168,1.6258
0.80308,0.014785,1.6249
0.80308,0.014785,1.6249
0.80308,0.014785,1.6249
0.80308,0.014785,1.6249
0.80308,0.014785,1.6249
0.80308,0.014785,1.6249
0.80308,0.014785,1.6249
0.80308,0.014785,1.6249
0.80308,0.014785,1.6249
1.0938,0.0066902,0.63807
1.0386,0.0089592,0.60834
1.0386,0.0089592,0.60834
0.97507,0.0053497,0.64916
0.97507,0.0053497,0.64916
0.97507,0.0053497,0.64916
0.97507,0.0053497,0.64916
0.97507,0.0053497,0.64916
0.97507,0.0053497,0.64916
0.97507,0.0053497,0.64916
0.86204,0.012153,1.0475
0.86204,0.012153,1.0475
0.86204,0.012153,1.0475
0.86204,0.012153,1.0475
0.83093,0.0058687,0.75351
0.83093,0.0058687,0.75351
0.83093,0.0058687,0.75351
0.83093,0.0058687,0.75351
0.83093,0.0058687,0.75351
0.83093,0.0058687,0.75351
0.83093,0.0058687,0.75351
0.83093,0.0058687,0.75351
0.83093,0.0058687,0.75351
0.94602,0.010411,1.1059
0.94602,0.010411,1.1059
0.94602,0.010411,1.1059
0.94602,0.010411,1.1059
0.94602,0.010411,1.1059
0.94602,0.010411,1.1059
0.94602,0.010411,1.1059
0.94602,0.010411,1.1059
0.87328,0.0038798,0.7755
0.87328,0.0038798,0.7755
0.85373,0.0057406,0.73172
0.85373,0.0057406,0.73172
0.85373,0.0057406,0.73172
0.85373,0.0057406,0.73172
0.9091,0.0056924,0.97644
0.9091,0.0056924,0.97644
0.9091,0.0056924,0.97644
0.9091,0.0056924,0.97644
0.81381,0.010482,1.113
0.81381,0.010482,1.113
0.81381,0.010482,1.113
0.81381,0.010482,1.113
0.87526,0.0033024,0.45148
0.87526,0.0033024,0.45148
0.87526,0.0033024,0.45148
0.87526,0.0033024,0.45148
0.87526,0.0033024,0.45148
0.87526,0.0033024,0.45148
0.87526,0.0033024,0.45148
0.93284,0.0029828,0.32292
0.93284,0.0029828,0.32292
0.93284,0.0029828,0.32292
0.93284,0.0029828,0.32292
0.99974,0.0050063,0.35124
0.99974,0.0050063,0.35124
1.001,0.0044889,0.34454
1.001,0.0044889,0.34454
1.001,0.0044889,0.34454
0.79748,0.010783,1.1319
0.79748,0.010783,1.1319
0.80146,0.009907,1.1234
0.80146,0.009907,1.1234
0.80146,0.009907,1.1234
0.80146,0.009907,1.1234
0.80146,0.009907,1.1234
0.80146,0.009907,1.1234
0.80146,0.009907,1.1234
0.80146,0.009907,1.1234
0.84084,0.007306,0.58674
0.83679,0.0039512,0.73633
0.76162,0.0060142,0.60065
0.76162,0.0060142,0.60065
0.76162,0.0060142,0.60065
0.77341,0.0064963,0.53843
0.77341,0.0064963,0.53843
0.77341,0.0064963,0.53843
0.92907,0.014649,1.1511
0.92907,0.014649,1.1511
1.0034,0.0081887,1.1386
0.95499,0.012377,1.1168
0.95499,0.012377,1.1168
0.95499,0.012377,1.1168
0.99564,0.0078502,1.0934
0.77341,0.0064963,0.53843
0.77341,0.0064963,0.53843
0.87531,0.0057128,0.37259
0.87531,0.0057128,0.37259
0.87531,0.0057128,0.37259
0.78961,0.0052068,0.46273
0.78961,0.0052068,0.46273
0.78961,0.0052068,0.46273
0.78961,0.0052068,0.46273
0.78961,0.0052068,0.46273
0.99884,0.0052456,0.49875
0.99884,0.0052456,0.49875
0.99884,0.0052456,0.49875
1.0243,0.0077243,0.62163
1.1002,0.006016,0.5377
0.70852,0.0095789,1.1716
0.70852,0.0095789,1.1716
0.70852,0.0095789,1.1716
0.70852,0.0095789,1.1716
1.1002,0.006016,0.5377
1.1002,0.006016,0.5377
1.0786,0.0070427,0.55715
1.0786,0.0070427,0.55715
1.0786,0.0070427,0.55715
1.0786,0.0070427,0.55715
1.0786,0.0070427,0.55715
0.72288,0.011949,1.405
0.72288,0.011949,1.405
0.72288,0.011949,1.405
0.72288,0.011949,1.405
0.72288,0.011949,1.405
0.78961,0.0052068,0.46273
0.78961,0.0052068,0.46273
0.69,0.00528,0.51135
0.69,0.00528,0.51135
0.69148,0.0057039,0.5079
0.72288,0.011949,1.405
0.76553,0.0097524,1.3933
0.76553,0.0097524,1.3933
0.76553,0.0097524,1.3933
0.76553,0.0097524,1.3933
0.82309,0.0069745,0.50148
0.82309,0.0069745,0.50148
0.82309,0.0069745,0.50148
0.82309,0.0069745,0.50148
0.82309,0.0069745,0.50148
0.82309,0.0069745,0.50148
0.82309,0.0069745,0.50148
0.82309,0.0069745,0.50148
0.87804,0.0044341,0.61683
0.87804,0.0044341,0.61683
0.87804,0.0044341,0.61683
0.87804,0.0044341,0.61683
0.87804,0.0044341,0.61683
0.87804,0.0044341,0.61683
0.87804,0.0044341,0.61683
0.87804,0.0044341,0.61683
0.92929,0.008698,0.75337
0.92929,0.008698,0.75337
0.93557,0.003504,0.67186
0.96905,0.0043443,0.70884
0.96905,0.0043443,0.70884
0.84707,0.0083529,0.91437
0.84707,0.0083529,0.91437
0.84951,0.0067329,0.95009
0.84951,0.0067329,0.95009
0.87253,0.008323,0.91247
0.94076,0.0067688,1.0746
0.94076,0.0067688,1.0746
0.87198,0.0062668,0.99408
0.87198,0.0062668,0.99408
0.88053,0.0080255,0.87163
0.93419,0.006201,0.82185
0.99071,0.0042424,0.79695
0.90383,0.0041052,0.74131
0.90383,0.0041052,0.74131
0.6114,0.0088941,0.86635
0.6114,0.0088941,0.86635
0.68411,0.011182,0.99589
0.94312,0.011596,1.0466
0.94312,0.011596,1.0466
0.94312,0.011596,1.0466
0.77218,0.0090556,1.087
0.84448,0.0076777,1.1105
0.84448,0.0076777,1.1105
0.84448,0.0076777,1.1105
0.84448,0.0076777,1.1105
0.84448,0.0076777,1.1105
0.76824,0.0072389,1.0221
0.83963,0.0054757,0.5671
0.83963,0.0054757,0.5671
0.83963,0.0054757,0.5671
0.97496,0.0042521,0.66453
0.97496,0.0042521,0.66453
0.97496,0.0042521,0.66453
0.97496,0.0042521,0.66453
0.97496,0.0042521,0.66453
0.97496,0.0042521,0.66453
0.97496,0.0042521,0.66453
0.97496,0.0042521,0.66453
0.9895,0.0068805,0.42551
0.9895,0.0068805,0.42551
0.95838,0.0051636,0.53757
0.95838,0.0051636,0.53757
0.95838,0.0051636,0.53757
0.95838,0.0051636,0.53757
0.95838,0.0051636,0.53757
0.95838,0.0051636,0.53757
0.95838,0.0051636,0.53757
0.95838,0.0051636,0.53757
0.95838,0.0051636,0.53757
1.0053,0.0047525,0.49489
1.0053,0.0047525,0.49489
1.0431,0.0073441,0.65193
1.0431,0.0073441,0.65193
1.0431,0.0073441,0.65193
0.93114,0.0029715,0.61545
0.90328,0.0045441,1.0212
0.90328,0.0045441,1.0212
0.90328,0.0045441,1.0212
0.90328,0.0045441,1.0212
0.90328,0.0045441,1.0212
0.74619,0.009457,0.69762
0.74619,0.009457,0.69762
0.74619,0.009457,0.69762
0.74619,0.009457,0.69762
0.74619,0.009457,0.69762
0.74619,0.009457,0.69762
0.74619,0.009457,0.69762
0.83888,0.0085586,0.78344
0.83198,0.0045768,0.52479
0.83198,0.0045768,0.52479
0.83198,0.0045768,0.52479
0.83198,0.0045768,0.52479
0.91506,0.0031158,0.39887
0.91506,0.0031158,0.39887
0.91506,0.0031158,0.39887
0.91506,0.0031158,0.39887
0.91506,0.0031158,0.39887
0.91506,0.0031158,0.39887
0.91506,0.0031158,0.39887
0.82045,0.013257,1.1871
0.82045,0.013257,1.1871
0.82045,0.013257,1.1871
0.82045,0.013257,1.1871
0.82045,0.013257,1.1871
0.82045,0.013257,1.1871
0.58425,0.0081151,0.75384
0.58425,0.0081151,0.75384
0.58425,0.0081151,0.75384
0.58425,0.0081151,0.75384
0.95334,0.0064743,0.64747
0.93259,0.0068324,0.6957
0.93259,0.0068324,0.6957
0.82805,0.0058874,0.69827
0.82805,0.0058874,0.69827
0.82805,0.0058874,0.69827
0.82805,0.0058874,0.69827
0.95953,0.0056356,0.79125
0.95953,0.0056356,0.79125
0.95953,0.0056356,0.79125
0.95953,0.0056356,0.79125
1.2916,0.0083129,0.63597
1.2916,0.0083129,0.63597
1.2916,0.0083129,0.63597
1.2916,0.0083129,0.63597
1.2916,0.0083129,0.63597
1.2916,0.0083129,0.63597
1.0528,0.0094809,0.91456
1.0528,0.0094809,0.91456
1.0528,0.0094809,0.91456
1.1898,0.011897,1.0138
1.1898,0.011897,1.0138
1.1898,0.011897,1.0138
0.97544,0.015739,1.407
0.97544,0.015739,1.407
0.911,0.0091603,1.2774
0.911,0.0091603,1.2774
0.93272,0.017434,1.2812
0.97984,0.0092883,1.117
0.97984,0.0092883,1.117
1.2526,0.009008,0.69668
1.2526,0.009008,0.69668
1.2526,0.009008,0.69668
1.2589,0.0034771,0.55696
1.2589,0.0034771,0.55696
1.2589,0.0034771,0.55696
1.2589,0.0034771,0.55696
1.2589,0.0034771,0.55696
1.1234,0.0032719,0.57656
1.1234,0.0032719,0.57656
1.1234,0.0032719,0.57656
1.1234,0.0032719,0.57656
1.1234,0.0032719,0.57656
1.1234,0.0032719,0.57656
1.1234,0.0032719,0.57656
1.1898,0.011897,1.0138
1.1898,0.011897,1.0138
1.1898,0.011897,1.0138
1.1898,0.011897,1.0138
1.1898,0.011897,1.0138
1.1898,0.011897,1.0138
1.1898,0.011897,1.0138
1.1898,0.011897,1.0138
1.1898,0.011897,1.0138
1.1898,0.011897,1.0138
1.0525,0.009693,0.83405
1.0525,0.009693,0.83405
1.0525,0.009693,0.83405
1.0525,0.009693,0.83405
1.0525,0.009693,0.83405
1.0525,0.009693,0.83405
0.77966,0.011373,1.3766
0.77966,0.011373,1.3766
0.77966,0.011373,1.3766
0.77966,0.011373,1.3766
0.77966,0.011373,1.3766
0.77966,0.011373,1.3766
0.77966,0.011373,1.3766
0.83483,0.01217,1.2947
0.7769,0.014235,1.3532
0.7769,0.014235,1.3532
0.8204,0.0088876,1.2798
0.8204,0.0088876,1.2798
0.8204,0.0088876,1.2798
0.96365,0.008925,0.73105
0.96197,0.0085809,0.68368
0.96197,0.0085809,0.68368
0.96197,0.0085809,0.68368
1.0541,0.0028912,0.567
1.0541,0.0028912,0.567
1.0541,0.0028912,0.567
1.0541,0.0028912,0.567
1.0541,0.0028912,0.567
1.1509,0.0057034,0.55503
1.0076,0.006424,0.56305
1.0076,0.006424,0.56305
1.0076,0.006424,0.56305
1.0076,0.006424,0.56305
1.0076,0.006424,0.56305
1.0076,0.006424,0.56305
1.0541,0.0028912,0.567
1.0541,0.0028912,0.567
1.0024,0.006304,0.74258
1.0024,0.006304,0.74258
0.99952,0.006843,0.70821
0.99952,0.006843,0.70821
0.99952,0.006843,0.70821
0.99952,0.006843,0.70821
0.99952,0.006843,0.70821
0.99952,0.006843,0.70821
0.86449,0.011389,0.80622
0.86449,0.011389,0.80622
0.92283,0.0035081,0.85871
0.92283,0.0035081,0.85871
1.0376,0.0052823,0.95403
1.0376,0.0052823,0.95403
1.1082,0.0098264,1.0779
1.1082,0.0098264,1.0779
0.93367,0.0081338,0.68939
0.93367,0.0081338,0.68939
1.0077,0.0071345,0.71936
0.82215,0.0088839,0.68834
0.74709,0.0052409,0.79801
0.74709,0.0052409,0.79801
0.74709,0.0052409,0.79801
0.95849,0.0082593,0.75163
0.91521,0.0090103,0.72159
0.92829,0.0066456,0.61743
0.92829,0.0066456,0.61743
0.92829,0.0066456,0.61743
0.97214,0.0048984,0.67927
0.97214,0.0048984,0.67927
0.75619,0.006468,0.82927
0.75619,0.006468,0.82927
0.75619,0.006468,0.82927
0.75619,0.006468,0.82927
0.75619,0.006468,0.82927
0.75619,0.006468,0.82927
0.75619,0.006468,0.82927
0.75619,0.006468,0.82927
0.75619,0.006468,0.82927
0.88098,0.0066502,0.70447
0.88098,0.0066502,0.70447
0.88098,0.0066502,0.70447
0.88098,0.0066502,0.70447
0.88098,0.0066502,0.70447
0.88098,0.0066502,0.70447
0.88098,0.0066502,0.70447
0.88098,0.0066502,0.70447
0.88098,0.0066502,0.70447
0.88098,0.0066502,0.70447
0.88098,0.0066502,0.70447
0.88098,0.0066502,0.70447
0.88098,0.0066502,0.70447
0.90447,0.008204,0.78702
0.90447,0.008204,0.78702
0.90447,0.008204,0.78702
0.90447,0.008204,0.78702
0.90447,0.008204,0.78702
0.90447,0.008204,0.78702
0.89772,0.0077329,0.9361
0.89772,0.0077329,0.9361
0.86194,0.0075566,1.1631
0.86194,0.0075566,1.1631
0.83665,0.0085124,1.0713
0.83665,0.0085124,1.0713
0.83665,0.0085124,1.0713
0.83432,0.01539,1.295
0.83432,0.01539,1.295
0.83432,0.01539,1.295
0.83432,0.01539,1.295
0.83432,0.01539,1.295
0.83432,0.01539,1.295
0.83432,0.01539,1.295
0.83432,0.01539,1.295
1.2431,0.0076541,0.74202
1.2431,0.0076541,0.74202
1.2431,0.0076541,0.74202
1.2431,0.0076541,0.74202
1.2431,0.0076541,0.74202
1.2431,0.0076541,0.74202
1.2431,0.0076541,0.74202
1.2431,0.0076541,0.74202
1.2431,0.0076541,0.74202
0.79395,0.011227,1.6353
0.79395,0.011227,1.6353
0.79395,0.011227,1.6353
0.79395,0.011227,1.6353
0.79395,0.011227,1.6353
0.79395,0.011227,1.6353
0.79395,0.011227,1.6353
0.86334,0.01063,1.5246
0.86334,0.01063,1.5246
0.86334,0.01063,1.5246
0.86334,0.01063,1.5246
0.80247,0.01065,1.4037
0.80247,0.01065,1.4037
0.68236,0.011226,1.4827
0.68236,0.011226,1.4827
0.68236,0.011226,1.4827
0.68236,0.011226,1.4827
0.68236,0.011226,1.4827
0.68236,0.011226,1.4827
0.68236,0.011226,1.4827
1.0864,0.0059924,0.81362
1.1051,0.0078556,0.78507
1.0759,0.0054295,0.78112
1.0666,0.0092578,0.86284
1.0666,0.0092578,0.86284
0.68236,0.011226,1.4827
0.68236,0.011226,1.4827
0.68236,0.011226,1.4827
0.71947,0.013982,1.4956
0.71947,0.013982,1.4956
0.80222,0.0093011,1.072
0.80222,0.0093011,1.072
1.1109,0.0081059,0.78432
1.1109,0.0081059,0.78432
1.1109,0.0081059,0.78432
1.1109,0.0081059,0.78432
0.9142,0.0096746,1.1746
0.9142,0.0096746,1.1746
0.9142,0.0096746,1.1746
0.9142,0.0096746,1.1746
0.91332,0.012523,1.1309
0.91332,0.012523,1.1309
0.91332,0.012523,1.1309
0.91332,0.012523,1.1309
0.91332,0.012523,1.1309
0.95415,0.012672,1.1631
0.95415,0.012672,1.1631
0.95415,0.012672,1.1631
0.95415,0.012672,1.1631
0.72943,0.0086432,1.4249
0.81552,0.0085215,1.4494
0.81552,0.0085215,1.4494
0.81552,0.0085215,1.4494
0.7651,0.0091026,1.2045
0.7651,0.0091026,1.2045
0.7651,0.0091026,1.2045
0.71829,0.010977,1.5637
0.71829,0.010977,1.5637
0.71829,0.010977,1.5637
0.7651,0.0091026,1.2045
0.7651,0.0091026,1.2045
0.7651,0.0091026,1.2045
0.81552,0.0085215,1.4494
0.81552,0.0085215,1.4494
0.64568,0.014657,1.61
0.64568,0.014657,1.61
0.64568,0.014657,1.61
0.84065,0.010509,1.2822
0.84065,0.010509,1.2822
0.84065,0.010509,1.2822
0.7651,0.0091026,1.2045
0.7651,0.0091026,1.2045
0.7651,0.0091026,1.2045
0.7651,0.0091026,1.2045
0.7651,0.0091026,1.2045
0.7651,0.0091026,1.2045
0.83172,0.0062849,1.3181
0.83172,0.0062849,1.3181
1.3316,0.0074202,0.7721
1.3316,0.0074202,0.7721
0.80664,0.01503,1.7042
0.80664,0.01503,1.7042
1.0261,0.011611,0.93143
1.0444,0.010432,1.0069
0.7742,0.014441,1.4624
0.7742,0.014441,1.4624
0.7742,0.014441,1.4624
1.0444,0.010432,1.0069
1.0444,0.010432,1.0069
1.0095,0.004998,0.94456
0.97187,0.0088391,0.86585
0.92902,0.0074994,1.3886
0.92902,0.0074994,1.3886
0.92902,0.0074994,1.3886
0.92902,0.0074994,1.3886
0.92902,0.0074994,1.3886
1.35,0.010244,0.80353
1.35,0.010244,0.80353
1.35,0.010244,0.80353
1.3208,0.01202,0.86077
1.0681,0.011181,1.1564
1.0681,0.011181,1.1564
1.0681,0.011181,1.1564
1.0681,0.011181,1.1564
0.85699,0.0086263,1.0809
1.0681,0.011181,1.1564
1.0681,0.011181,1.1564
1.0681,0.011181,1.1564
1.0681,0.011181,1.1564
0.85699,0.0086263,1.0809
1.0462,0.01153,1.0308
1.0462,0.01153,1.0308
1.0681,0.011181,1.1564
1.0681,0.011181,1.1564
1.0462,0.01153,1.0308
1.0462,0.01153,1.0308
0.95184,0.012187,1.0665
0.95184,0.012187,1.0665
0.95184,0.012187,1.0665
1.0681,0.011181,1.1564
1.046,0.0091162,1.0224
1.046,0.0091162,1.0224
1.046,0.0091162,1.0224
0.95184,0.012187,1.0665
0.95184,0.012187,1.0665
0.95184,0.012187,1.0665
0.81873,0.011887,1.0435
0.87543,0.011932,1.0458
0.85512,0.013891,1.3889
0.85512,0.013891,1.3889
0.85512,0.013891,1.3889
0.85512,0.013891,1.3889
1.046,0.0091162,1.0224
0.93038,0.012593,1.1571
0.90653,0.012345,1.1853
0.90653,0.012345,1.1853
0.90653,0.012345,1.1853
0.90653,0.012345,1.1853
0.90653,0.012345,1.1853
1.2981,0.011257,0.93813
1.2981,0.011257,0.93813
1.2981,0.011257,0.93813
1.2392,0.0096498,0.96761
1.2392,0.0096498,0.96761
1.2392,0.0096498,0.96761
1.2392,0.0096498,0.96761
1.2521,0.01174,0.95519
1.2521,0.01174,0.95519
1.0446,0.006492,0.82331
1.0446,0.006492,0.82331
1.1489,0.0077975,0.74172
1.1489,0.0077975,0.74172
1.1489,0.0077975,0.74172
0.9776,0.010671,1.1636
0.9776,0.010671,1.1636
0.9776,0.010671,1.1636
0.9776,0.010671,1.1636
0.9776,0.010671,1.1636
1.2404,0.014768,1.0888
1.1592,0.018048,1.1154
1.0512,0.0070171,1.1141
1.2221,0.0075027,0.94307
0.9776,0.010671,1.1636
0.9776,0.010671,1.1636
0.9776,0.010671,1.1636
0.9776,0.010671,1.1636
0.9776,0.010671,1.1636
0.9776,0.010671,1.1636
0.9776,0.010671,1.1636
0.81028,0.0070884,1.0911
0.81028,0.0070884,1.0911
0.81028,0.0070884,1.0911
0.9024,0.0071077,0.7602
0.9024,0.0071077,0.7602
0.9024,0.0071077,0.7602
0.9024,0.0071077,0.7602
0.9024,0.0071077,0.7602
0.9024,0.0071077,0.7602
0.9024,0.0071077,0.7602
0.9024,0.0071077,0.7602
0.82351,0.0097988,0.73293
0.83535,0.0082139,0.71651
0.83535,0.0082139,0.71651
0.89213,0.013967,1.1375
0.89213,0.013967,1.1375
0.84308,0.0088408,1.0712
0.84308,0.0088408,1.0712
0.84308,0.0088408,1.0712
0.84308,0.0088408,1.0712
0.84308,0.0088408,1.0712
0.84308,0.0088408,1.0712
0.84308,0.0088408,1.0712
0.84308,0.0088408,1.0712
0.95472,0.013338,1.1709
0.95472,0.013338,1.1709
0.95472,0.013338,1.1709
0.95472,0.013338,1.1709
0.80884,0.013023,1.2019
0.80884,0.013023,1.2019
0.80884,0.013023,1.2019
1.1944,0.009601,0.95313
1.11,0.0095106,0.90763
1.11,0.0095106,0.90763
1.11,0.0095106,0.90763
1.0698,0.008834,0.80787
1.0396,0.0083954,0.76812
1.003,0.0096197,0.79198
1.003,0.0096197,0.79198
0.84308,0.0088408,1.0712
0.84308,0.0088408,1.0712
0.84308,0.0088408,1.0712
0.8943,0.0085813,0.99251
0.8943,0.0085813,0.99251
0.99369,0.0049182,0.74017
0.99369,0.0049182,0.74017
0.99369,0.0049182,0.74017
0.968,0.0055868,0.51737
0.90217,0.0059715,0.53297
0.87764,0.0042704,0.52718
0.88978,0.0048733,0.44375
0.88978,0.0048733,0.44375
0.88978,0.0048733,0.44375
0.75279,0.025342,2.6333
0.75279,0.025342,2.6333
0.75279,0.025342,2.6333
0.75279,0.025342,2.6333
0.75279,0.025342,2.6333
0.741,0.021406,2.6117
0.76052,0.022615,2.7011
0.76052,0.022615,2.7011
0.76052,0.022615,2.7011
0.94816,0.013438,1.0677
0.88357,0.014841,1.1432
0.9377,0.017292,1.1675
1.011,0.013445,1.2184
1.011,0.013445,1.2184
1.011,0.013445,1.2184
0.70297,0.019995,2.6895
0.70297,0.019995,2.6895
0.70297,0.019995,2.6895
0.70297,0.019995,2.6895
0.70297,0.019995,2.6895
0.70297,0.019995,2.6895
0.74149,0.0096493,1.0121
0.74149,0.0096493,1.0121
0.74149,0.0096493,1.0121
0.74149,0.0096493,1.0121
0.74149,0.0096493,1.0121
0.78783,0.0064118,1.011
0.7035,0.015678,2.0864
0.7035,0.015678,2.0864
0.7035,0.015678,2.0864
0.70297,0.019995,2.6895
0.70297,0.019995,2.6895
0.70297,0.019995,2.6895
0.67695,0.008986,1.0662
0.67695,0.008986,1.0662
0.9255,0.004798,0.51174
0.9255,0.004798,0.51174
0.67695,0.008986,1.0662
0.67695,0.008986,1.0662
0.67695,0.008986,1.0662
0.84677,0.0091319,1.3574
0.84677,0.0091319,1.3574
0.9255,0.004798,0.51174
0.7035,0.015678,2.0864
0.7035,0.015678,2.0864
0.7035,0.015678,2.0864
1.3083,0.012848,0.88213
1.3083,0.012848,0.88213
1.2447,0.0097622,0.96748
1.2447,0.0097622,0.96748
1.2447,0.0097622,0.96748
1.2447,0.0097622,0.96748
1.2689,0.01384,0.98918
1.2689,0.01384,0.98918
0.99509,0.0049407,0.53195
0.99509,0.0049407,0.53195
0.99509,0.0049407,0.53195
0.99509,0.0049407,0.53195
0.89647,0.0036216,0.57937
0.89647,0.0036216,0.57937
0.49161,0.023479,2.4884
0.50866,0.021291,2.6719
0.50866,0.021291,2.6719
0.89647,0.0036216,0.57937
0.8492,0.005919,0.40935
0.68716,0.020415,2.1248
0.68716,0.020415,2.1248
0.68716,0.020415,2.1248
1.1314,0.013541,1.1798
1.1314,0.013541,1.1798
1.1314,0.013541,1.1798
0.8492,0.005919,0.40935
0.8335,0.0040923,0.39464
0.8335,0.0040923,0.39464
1.1314,0.013541,1.1798
1.1314,0.013541,1.1798
0.92509,0.010364,0.98938
0.62973,0.018805,2.5816
0.69222,0.019467,2.6304
0.64184,0.020662,2.0255
0.64184,0.020662,2.0255
0.64184,0.020662,2.0255
0.64184,0.020662,2.0255
0.84312,0.012799,1.6095
0.84312,0.012799,1.6095
0.84312,0.012799,1.6095
1.2652,0.0093592,0.82233
1.2652,0.0093592,0.82233
1.2652,0.0093592,0.82233
0.82064,0.0047858,0.54508
1.0917,0.015142,1.4311
0.91219,0.010158,1.0013
0.91219,0.010158,1.0013
0.91219,0.010158,1.0013
0.98473,0.01306,1.0227
1.1377,0.010463,0.78993
1.1377,0.010463,0.78993
1.0815,0.018891,1.454
1.0815,0.018891,1.454
