17.937,1,19.493,5
0.009821,2,19.493,6
13.218,1,32.722,9
0.00164,2,32.722,9
18.098,1,50.822,13
0.000713,2,50.822,14
18.162,1,68.985,17
0.00032,2,68.985,17
26.895,1,95.88,21
0.000243,2,95.88,22
35.214,1,131.09,25
0.000242,2,131.09,25
46.081,1,177.18,29
0.000575,2,177.18,30
47.551,1,224.73,33
0.000203,2,224.73,33
51.719,1,276.45,36
0.000186,2,276.45,37
80.833,1,357.28,41
0.000295,2,357.28,41
84.114,1,441.4,44
0.000164,2,441.4,45
114.5,1,555.89,48
0.000275,2,555.89,48
1803.6,1,2359.5,52
0.000317,2,2359.5,53
754.92,1,3114.4,56
0.000343,2,3114.4,56
147.59,1,3262,59
0.00022,2,3262,60
48.353,1,3310.3,64
0.000164,2,3310.3,64
39.11,1,3349.4,67
0.00021,2,3349.4,68
18.862,1,3368.3,71
0.000245,2,3368.3,71
57.868,1,3426.2,75
0.000137,2,3426.2,76
37.374,1,3463.6,79
0.000132,2,3463.6,79
42.297,1,3505.9,83
0.000146,2,3505.9,84
24.675,1,3530.5,87
0.000137,2,3530.5,87
44.869,1,3575.4,90
0.000169,2,3575.4,91
25.166,1,3600.6,94
0.000152,2,3600.6,94
30.294,1,3630.9,98
0.00012,2,3630.9,99
63.801,1,3694.7,102
0.000207,2,3694.7,102
46.533,1,3741.2,105
0.000154,2,3741.2,106
45.491,1,3786.7,109
0.000138,2,3786.7,109
68.396,1,3855.1,113
0.000248,2,3855.1,114
25.369,1,3880.4,117
0.000133,2,3880.4,117
34.996,1,3915.4,121
0.000152,2,3915.4,122
32.311,1,3947.8,125
0.000127,2,3947.8,125
44.269,1,3992,128
0.000144,2,3992,129
29.526,1,4021.5,133
0.000132,2,4021.5,133
35.197,1,4056.7,136
0.00014,2,4056.7,137
33.516,1,4090.3,140
0.000315,2,4090.3,140
46.936,1,4137.2,143
0.00014,2,4137.2,144
37.359,1,4174.6,148
0.00017,2,4174.6,148
51.552,1,4226.1,151
0.000165,2,4226.1,152
81.101,1,4307.2,155
0.00013,2,4307.2,155
48.467,1,4355.7,159
0.000147,2,4355.7,160
52.081,1,4407.8,163
0.000188,2,4407.8,163
40.881,1,4448.6,167
0.00016,2,4448.6,168
86.651,1,4535.3,171
0.000212,2,4535.3,171
43.05,1,4578.3,174
0.00013,2,4578.3,175
44.259,1,4622.6,179
0.000132,2,4622.6,179
48.663,1,4671.3,182
0.000152,2,4671.3,183
64.236,1,4735.5,186
0.000267,2,4735.5,186
64.201,1,4799.7,189
0.000177,2,4799.7,190
78.381,1,4878.1,194
0.000165,2,4878.1,194
223.64,1,5101.7,197
0.000294,2,5101.7,198
120.74,1,5222.5,201
0.000177,2,5222.5,201
170.4,1,5392.9,204
0.000279,2,5392.9,205
73.683,1,5466.5,209
0.000172,2,5466.5,209
118.44,1,5585,212
0.000266,2,5585,213
172.59,1,5757.6,216
0.000195,2,5757.6,216
182.29,1,5939.9,220
0.000276,2,5939.9,221
135.76,1,6075.6,224
0.000178,2,6075.6,224
304.28,1,6379.9,227
0.000304,2,6379.9,228
114.82,1,6494.7,231
0.000191,2,6494.7,231
203.12,1,6697.8,235
0.000271,2,6697.8,236
150.66,1,6848.5,239
0.000183,2,6848.5,239
107.65,1,6956.2,242
0.000274,2,6956.2,243
83.187,1,7039.3,247
0.000193,2,7039.3,247
67.352,1,7106.7,250
0.000172,2,7106.7,251
38.958,1,7145.7,254
0.000157,2,7145.7,254
42.344,1,7188,257
0.000278,2,7188,258
38.105,1,7226.1,261
0.000382,2,7226.1,261
43.547,1,7269.7,265
0.000192,2,7269.7,266
29.08,1,7298.7,269
0.00017,2,7298.7,269
44.105,1,7342.8,272
0.000172,2,7342.8,273
49.968,1,7392.8,276
0.000151,2,7392.8,276
68.501,1,7461.3,280
0.000167,2,7461.3,281
95.079,1,7556.4,284
0.000271,2,7556.4,284
52.292,1,7608.7,287
0.000184,2,7608.7,288
44.903,1,7653.6,291
0.000159,2,7653.6,291
38.427,1,7692,295
0.000189,2,7692,296
33.114,1,7725.1,299
0.000155,2,7725.1,299
44.049,1,7769.2,303
0.000276,2,7769.2,304
41.805,1,7811,307
0.000167,2,7811,307
37.182,1,7848.2,310
0.000166,2,7848.2,311
35.271,1,7883.4,314
0.000199,2,7883.4,314
38.734,1,7922.2,317
0.000164,2,7922.2,318
45.635,1,7967.8,322
0.000161,2,7967.8,322
39.923,1,8007.7,325
0.000154,2,8007.7,326
32.871,1,8040.6,329
0.000183,2,8040.6,329
31.666,1,8072.3,332
0.000163,2,8072.3,333
47.079,1,8119.3,337
0.000155,2,8119.3,337
44.182,1,8163.5,340
0.00027,2,8163.5,341
72.046,1,8235.6,344
0.000187,2,8235.6,344
177.99,1,8413.6,348
0.00018,2,8413.6,349
86.228,1,8499.8,352
0.000277,2,8499.8,352
1433,1,9932.7,356
0.000296,2,9932.7,357
122.54,1,10055,360
0.000244,2,10055,360
261.53,1,10317,363
0.000274,2,10317,364
129.43,1,10446,368
0.000184,2,10446,368
210.32,1,10657,371
0.000306,2,10657,372
175.55,1,10832,376
0.000166,2,10832,376
223.25,1,11055,379
0.000281,2,11055,380
112.28,1,11168,383
0.000271,2,11168,383
364.78,1,11532,387
0.000453,2,11532,388
283.16,1,11816,391
0.000478,2,11816,391
197.24,1,12013,394
0.000275,2,12013,395
79.74,1,12093,399
0.000229,2,12093,399
55.145,1,12148,402
0.000164,2,12148,403
40.515,1,12188,406
0.000155,2,12188,406
46.888,1,12235,410
0.000265,2,12235,411
58.811,1,12294,414
0.00017,2,12294,414
30.531,1,12324,417
0.000161,2,12324,418
34.949,1,12359,422
0.000153,2,12359,422
25.769,1,12385,425
0.000162,2,12385,426
29.797,1,12415,429
0.000151,2,12415,429
45.266,1,12460,433
0.000255,2,12460,434
50.757,1,12511,437
0.000169,2,12511,437
58.04,1,12569,440
0.000157,2,12569,441
104.9,1,12674,445
0.000165,2,12674,445
44.332,1,12718,448
0.000257,2,12718,449
116.58,1,12835,452
0.000177,2,12835,452
61.019,1,12896,456
0.000161,2,12896,457
40.425,1,12936,460
0.000155,2,12936,460
28.598,1,12965,464
0.000259,2,12965,465
46.176,1,13011,468
0.000179,2,13011,468
48.722,1,13060,472
0.000168,2,13060,473
50.204,1,13110,476
0.000156,2,13110,476
25.612,1,13136,479
0.000164,2,13136,480
43.333,1,13179,483
0.000252,2,13179,483
34.596,1,13214,487
0.000166,2,13214,488
35.594,1,13249,491
0.000154,2,13249,491
28.253,1,13277,494
0.000181,2,13277,495
53.761,1,13331,498
0.000159,2,13331,498
38.697,1,13370,502
0.000165,2,13370,503
90.642,1,13460,506
0.000453,2,13460,506
92.247,1,13553,509
0.000179,2,13553,510
51.122,1,13604,514
0.000162,2,13604,514
99.429,1,13703,517
0.000253,2,13703,518
91.845,1,13795,521
0.000183,2,13795,521
68.531,1,13864,525
0.000154,2,13864,526
82.168,1,13946,529
0.000316,2,13946,529
60.137,1,14006,532
0.000189,2,14006,533
41.438,1,14047,537
0.000152,2,14047,537
86.02,1,14133,540
0.000266,2,14133,541
44.489,1,14178,545
0.000157,2,14178,545
84.674,1,14263,548
0.000237,2,14263,549
167.25,1,14430,553
0.000275,2,14430,553
308.88,1,14739,556
0.000268,2,14739,557
36.229,1,14775,560
0.000176,2,14775,560
33.582,1,14809,564
0.000151,2,14809,565
30.518,1,14839,568
0.000154,2,14839,568
46.067,1,14885,572
0.00017,2,14885,573
61.589,1,14947,576
0.000261,2,14947,576
64.429,1,15011,579
0.000194,2,15011,580
51.153,1,15062,584
0.000171,2,15062,584
77.513,1,15140,587
0.000168,2,15140,588
28.449,1,15168,591
0.000145,2,15168,591
37.133,1,15205,594
0.000277,2,15205,595
145.33,1,15351,599
0.000182,2,15351,599
29.612,1,15380,602
0.000205,2,15380,603
635.97,1,16016,607
0.000279,2,16016,607
33.425,1,16050,611
0.000168,2,16050,612
38.044,1,16088,615
0.000166,2,16088,615
55.542,1,16143,618
0.000165,2,16143,619
58.946,1,16202,622
0.000281,2,16202,622
24.981,1,16227,626
0.000168,2,16227,627
35.198,1,16262,630
0.000159,2,16262,630
37.696,1,16300,633
0.000175,2,16300,634
46.117,1,16346,638
0.000164,2,16346,638
46.259,1,16392,641
0.000162,2,16392,642
57.421,1,16450,645
0.000165,2,16450,645
105.55,1,16555,649
0.000274,2,16555,650
109,1,16664,653
0.000179,2,16664,653
42.515,1,16707,656
0.000155,2,16707,657
57.45,1,16764,661
0.000265,2,16764,661
50.824,1,16815,664
0.000168,2,16815,665
96.758,1,16912,669
0.000175,2,16912,669
81.827,1,16994,672
0.000154,2,16994,673
76.015,1,17070,676
0.000264,2,17070,676
50.2,1,17120,680
0.000186,2,17120,681
56.564,1,17177,684
0.000166,2,17177,684
59.15,1,17236,687
0.000155,2,17236,688
102.15,1,17338,692
0.00027,2,17338,692
247.05,1,17585,695
0.000192,2,17585,696
150.25,1,17735,700
0.000273,2,17735,700
3641.2,1,21376,703
0.000278,2,21376,704
631.34,1,22008,707
0.000284,2,22008,707
125.23,1,22133,711
0.000165,2,22133,712
333.5,1,22467,715
0.000276,2,22467,715
66.76,1,22533,719
0.000259,2,22533,720
49.794,1,22583,723
0.000187,2,22583,723
104.85,1,22688,727
0.000166,2,22688,728
44.98,1,22733,732
0.0003,2,22733,732
44.734,1,22778,735
0.00018,2,22778,736
60.864,1,22839,739
0.000149,2,22839,739
49.786,1,22888,743
0.000169,2,22888,744
82.223,1,22971,747
0.00017,2,22971,747
55.172,1,23026,750
0.000252,2,23026,751
55.315,1,23081,755
0.000174,2,23081,755
62.146,1,23143,758
0.000159,2,23143,759
55.49,1,23199,763
0.000167,2,23199,763
99.967,1,23299,766
0.000275,2,23299,767
33.353,1,23332,771
0.000163,2,23332,771
35.207,1,23367,774
0.000148,2,23367,775
26.264,1,23393,779
0.000156,2,23393,779
93.474,1,23487,782
0.000261,2,23487,783
69.107,1,23556,787
0.000175,2,23556,787
33.913,1,23590,790
0.000157,2,23590,791
30.069,1,23620,794
0.000162,2,23620,794
65.074,1,23685,798
0.000153,2,23685,799
124.77,1,23810,802
0.000264,2,23810,802
180.28,1,23990,805
0.000153,2,23990,806
506.14,1,24496,810
0.000276,2,24496,810
339.11,1,24835,813
0.000284,2,24835,814
388.94,1,25224,818
0.000264,2,25224,818
685.71,1,25910,821
0.000295,2,25910,822
1806.8,1,27717,825
0.000289,2,27717,825
1484.5,1,29201,829
0.000307,2,29201,830
184.74,1,29386,833
0.000257,2,29386,833
155.95,1,29542,836
0.000187,2,29542,837
76.177,1,29618,841
0.000257,2,29618,841
458.51,1,30077,844
0.000318,2,30077,845
680.34,1,30757,849
0.000314,2,30757,849
58.615,1,30816,852
0.000173,2,30816,853
94.253,1,30910,857
0.000235,2,30910,857
61.923,1,30972,860
0.000172,2,30972,861
64.339,1,31036,864
0.000276,2,31036,864
58.945,1,31095,868
0.000162,2,31095,869
88.63,1,31184,872
0.000166,2,31184,872
139.56,1,31323,875
0.000285,2,31323,876
172.09,1,31495,879
0.00019,2,31495,879
131.2,1,31627,883
0.000265,2,31627,884
68.888,1,31695,887
0.00017,2,31695,887
66.127,1,31762,890
0.000167,2,31762,891
47.492,1,31809,895
0.000151,2,31809,895
106.77,1,31916,898
0.000274,2,31916,899
52.093,1,31968,902
0.000193,2,31968,902
28.679,1,31997,906
0.00015,2,31997,907
39.841,1,32036,910
0.000149,2,32036,910
30.108,1,32067,913
0.000157,2,32067,914
46.73,1,32113,918
0.000282,2,32113,918
70.226,1,32184,921
0.000172,2,32184,922
47.546,1,32231,925
0.000168,2,32231,925
42.846,1,32274,929
0.00015,2,32274,930
43.593,1,32318,933
0.000156,2,32318,933
52.103,1,32370,936
0.000171,2,32370,937
36.004,1,32406,941
0.000147,2,32406,941
35.174,1,32441,944
0.000264,2,32441,945
43.327,1,32484,949
0.000163,2,32484,949
52.17,1,32536,952
0.000179,2,32536,953
38.393,1,32575,956
0.000154,2,32575,956
39.602,1,32614,959
0.00015,2,32614,960
58.181,1,32672,964
0.000265,2,32672,964
41.915,1,32714,967
0.000179,2,32714,968
93.487,1,32808,972
0.000178,2,32808,972
64.058,1,32872,975
0.000171,2,32872,976
62.903,1,32935,979
0.000291,2,32935,979
126.72,1,33062,983
0.000181,2,33062,984
59.937,1,33122,987
0.000162,2,33122,987
38.994,1,33161,991
0.00017,2,33161,992
55.12,1,33216,995
0.000164,2,33216,995
33.606,1,33249,999
0.000162,2,33249,1000
58.192,1,33307,1003
0.000282,2,33307,1003
32.725,1,33340,1007
0.00018,2,33340,1008
31.88,1,33372,1011
0.000157,2,33372,1011
53.593,1,33426,1014
0.000177,2,33426,1015
40.554,1,33466,1018
0.000145,2,33466,1018
52.735,1,33519,1022
0.000314,2,33519,1023
50.328,1,33569,1026
0.000166,2,33569,1026
79.833,1,33649,1030
0.000179,2,33649,1031
79.162,1,33728,1034
0.000169,2,33728,1034
57.685,1,33786,1038
0.000265,2,33786,1039
56.216,1,33842,1042
0.000179,2,33842,1042
69.92,1,33912,1045
0.00017,2,33912,1046
147.43,1,34059,1049
0.000167,2,34059,1049
56.574,1,34116,1053
0.000258,2,34116,1054
69.629,1,34186,1057
0.000211,2,34186,1057
42.054,1,34228,1060
0.000161,2,34228,1061
69.832,1,34298,1065
0.000176,2,34298,1065
81.675,1,34379,1068
0.000266,2,34379,1069
69.963,1,34449,1072
0.000178,2,34449,1072
54.057,1,34503,1075
0.000165,2,34503,1076
70.387,1,34574,1079
0.000155,2,34574,1079
45.577,1,34619,1083
0.000154,2,34619,1084
108.63,1,34728,1087
0.000273,2,34728,1087
138.23,1,34866,1090
0.000199,2,34866,1091
227.81,1,35094,1095
0.000289,2,35094,1095
158.81,1,35253,1098
0.000254,2,35253,1099
133.51,1,35386,1102
0.000181,2,35386,1102
171.34,1,35558,1106
0.00016,2,35558,1107
172.83,1,35730,1110
0.000289,2,35730,1110
442.88,1,36173,1113
0.000281,2,36173,1114
166.97,1,36340,1118
0.000257,2,36340,1118
89.753,1,36430,1121
0.000199,2,36430,1122
88.342,1,36518,1126
0.000181,2,36518,1126
158.52,1,36677,1129
0.000266,2,36677,1130
59.083,1,36736,1133
0.000206,2,36736,1133
219.66,1,36956,1137
0.000344,2,36956,1138
529.53,1,37485,1141
0.000277,2,37485,1141
256.74,1,37742,1144
0.000288,2,37742,1145
537.59,1,38279,1149
0.000283,2,38279,1149
149.76,1,38429,1152
0.000169,2,38429,1153
41.634,1,38471,1157
0.000147,2,38471,1157
43.319,1,38514,1160
0.000155,2,38514,1161
62.054,1,38576,1164
0.000208,2,38576,1164
40.824,1,38617,1168
0.000225,2,38617,1169
31.155,1,38648,1172
0.000164,2,38648,1172
27.116,1,38675,1175
0.000149,2,38675,1176
31.297,1,38707,1179
0.000221,2,38707,1179
27.76,1,38734,1183
0.000158,2,38734,1184
34.176,1,38769,1187
0.000166,2,38769,1187
40.41,1,38809,1190
0.000145,2,38809,1191
61.806,1,38871,1194
0.000187,2,38871,1194
29.84,1,38901,1198
0.000157,2,38901,1199
65.9,1,38967,1202
0.000157,2,38967,1202
50.865,1,39017,1205
0.00015,2,39017,1206
48.604,1,39066,1210
0.00024,2,39066,1210
31.271,1,39097,1213
0.000173,2,39097,1214
48.543,1,39146,1217
0.000169,2,39146,1217
36.889,1,39183,1221
0.000153,2,39183,1222
351.77,1,39534,1225
0.000298,2,39534,1225
84.636,1,39619,1228
0.00018,2,39619,1229
79.375,1,39698,1233
0.000186,2,39698,1233
44.923,1,39743,1236
0.00018,2,39743,1237
45.919,1,39789,1241
0.000262,2,39789,1241
70.117,1,39859,1244
0.000169,2,39859,1245
110.18,1,39970,1248
0.00018,2,39970,1248
77.035,1,40047,1251
0.000261,2,40047,1252
72.856,1,40119,1255
0.000171,2,40119,1255
58.981,1,40178,1259
0.000159,2,40178,1260
53.158,1,40232,1263
0.00026,2,40232,1263
44.66,1,40276,1266
0.000172,2,40276,1267
41.775,1,40318,1270
0.00017,2,40318,1270
78.491,1,40397,1274
0.000154,2,40397,1275
37.195,1,40434,1278
0.000164,2,40434,1278
56.352,1,40490,1282
0.000266,2,40490,1283
66.048,1,40556,1286
0.000167,2,40556,1286
87.845,1,40644,1289
0.00016,2,40644,1290
81.65,1,40726,1294
0.000162,2,40726,1294
40.986,1,40767,1297
0.000279,2,40767,1298
51.291,1,40818,1301
0.000174,2,40818,1301
78.814,1,40897,1305
0.000156,2,40897,1306
59.755,1,40957,1309
0.000178,2,40957,1309
51.279,1,41008,1312
0.000284,2,41008,1313
34.7,1,41042,1317
0.000167,2,41042,1317
43.873,1,41086,1320
0.000166,2,41086,1321
37.225,1,41124,1324
0.000167,2,41124,1324
54.542,1,41178,1328
0.000162,2,41178,1329
48.707,1,41227,1332
0.000171,2,41227,1332
101.49,1,41328,1336
0.000286,2,41328,1337
60.166,1,41388,1340
0.000165,2,41388,1340
224.85,1,41613,1344
0.000273,2,41613,1345
204.01,1,41817,1348
0.000263,2,41817,1348
205.55,1,42023,1352
0.000192,2,42023,1353
5238.9,1,47262,1356
0.000278,2,47262,1356
369.14,1,47631,1359
0.000277,2,47631,1360
147.29,1,47778,1363
0.000258,2,47778,1363
76.561,1,47855,1366
0.000201,2,47855,1367
166.28,1,48021,1371
0.000264,2,48021,1371
83.69,1,48105,1374
0.000188,2,48105,1375
172.1,1,48277,1378
0.000272,2,48277,1378
396.27,1,48673,1382
0.000296,2,48673,1383
157.31,1,48830,1386
0.000171,2,48830,1386
66.093,1,48897,1390
0.000282,2,48897,1391
86.473,1,48983,1394
0.000177,2,48983,1394
53.853,1,49037,1398
0.000168,2,49037,1399
52.653,1,49090,1402
0.000278,2,49090,1402
30.143,1,49120,1405
0.000164,2,49120,1406
31.119,1,49151,1410
0.000181,2,49151,1410
41.405,1,49192,1413
0.000182,2,49192,1414
61.981,1,49254,1417
0.000161,2,49254,1417
76.435,1,49331,1421
0.00016,2,49331,1422
154.87,1,49485,1425
0.000306,2,49485,1425
193.86,1,49679,1428
0.000306,2,49679,1429
32.635,1,49712,1432
0.000164,2,49712,1432
24.403,1,49736,1436
0.000162,2,49736,1437
49.528,1,49786,1440
0.000162,2,49786,1440
27.386,1,49813,1443
0.000257,2,49813,1444
30.977,1,49844,1448
0.000155,2,49844,1448
37.378,1,49882,1451
0.000175,2,49882,1452
57.907,1,49940,1455
0.000157,2,49940,1455
71.084,1,50011,1459
0.000169,2,50011,1460
71.246,1,50082,1463
0.000271,2,50082,1463
57.994,1,50140,1466
0.000171,2,50140,1467
39.144,1,50179,1470
0.000157,2,50179,1470
59.647,1,50239,1473
0.000163,2,50239,1474
81.941,1,50321,1478
0.000264,2,50321,1478
36.386,1,50357,1481
0.000178,2,50357,1482
29.541,1,50387,1485
0.000158,2,50387,1485
34.756,1,50421,1489
0.00018,2,50421,1490
30.755,1,50452,1493
0.00015,2,50452,1493
57.393,1,50509,1496
0.000165,2,50509,1497
33.634,1,50543,1501
0.00026,2,50543,1501
42.767,1,50586,1504
0.000196,2,50586,1505
39.825,1,50626,1508
0.000175,2,50626,1508
24.997,1,50651,1512
0.000157,2,50651,1513
498.44,1,51149,1516
0.000281,2,51149,1516
47.993,1,51197,1519
0.000168,2,51197,1520
84.73,1,51282,1523
0.000164,2,51282,1523
51.081,1,51333,1526
0.000154,2,51333,1527
75.041,1,51408,1531
0.000261,2,51408,1531
59.976,1,51468,1534
0.000192,2,51468,1535
52.485,1,51520,1538
0.000155,2,51520,1538
420.72,1,51941,1541
0.00028,2,51941,1542
63.905,1,52005,1545
0.000262,2,52005,1545
55.47,1,52060,1549
0.000169,2,52060,1550
69.762,1,52130,1553
0.000166,2,52130,1553
89.955,1,52220,1556
0.000163,2,52220,1557
48.488,1,52269,1560
0.000261,2,52269,1560
51.871,1,52321,1563
0.000167,2,52321,1564
43.203,1,52364,1568
0.000173,2,52364,1568
95.801,1,52460,1571
0.000151,2,52460,1572
80.47,1,52540,1575
0.000272,2,52540,1575
87.508,1,52628,1579
0.000189,2,52628,1580
79.976,1,52708,1583
0.000153,2,52708,1583
68.809,1,52776,1586
0.000162,2,52776,1587
121.24,1,52898,1591
0.000267,2,52898,1591
170.95,1,53069,1594
0.000193,2,53069,1595
741.43,1,53810,1598
0.000292,2,53810,1598
254.5,1,54064,1602
0.000283,2,54064,1603
860.02,1,54924,1606
0.000303,2,54924,1606
286.24,1,55211,1609
0.000278,2,55211,1610
482.29,1,55693,1614
0.000268,2,55693,1614
149.59,1,55843,1617
0.000291,2,55843,1618
50.4,1,55893,1621
0.000164,2,55893,1621
60.796,1,55954,1625
0.000172,2,55954,1626
134.78,1,56089,1629
0.000268,2,56089,1629
68.95,1,56158,1632
0.00019,2,56158,1633
90.08,1,56248,1637
0.000256,2,56248,1637
65.517,1,56313,1640
0.000192,2,56313,1641
48.654,1,56362,1644
0.000168,2,56362,1644
74.209,1,56436,1647
0.00027,2,56436,1648
166.97,1,56603,1652
0.000197,2,56603,1652
213.7,1,56817,1655
0.000281,2,56817,1656
101.26,1,56918,1659
0.000298,2,56918,1659
116.86,1,57035,1662
0.000186,2,57035,1663
56.388,1,57091,1666
0.000277,2,57091,1666
66.109,1,57157,1670
0.000188,2,57157,1671
66.986,1,57224,1674
0.000147,2,57224,1674
73.975,1,57298,1677
0.000156,2,57298,1678
77.889,1,57376,1682
0.000293,2,57376,1682
33.165,1,57409,1685
0.000171,2,57409,1686
45.174,1,57454,1689
0.000162,2,57454,1689
44.815,1,57499,1693
0.000281,2,57499,1694
53.933,1,57553,1697
0.000173,2,57553,1697
47.737,1,57601,1700
0.00017,2,57601,1701
46.138,1,57647,1704
0.000156,2,57647,1704
71.862,1,57719,1707
0.000262,2,57719,1708
41.232,1,57760,1712
0.000185,2,57760,1712
37.113,1,57797,1715
0.000166,2,57797,1716
35.282,1,57833,1719
0.000156,2,57833,1719
56.416,1,57889,1722
0.000164,2,57889,1723
68.547,1,57958,1726
0.000263,2,57958,1726
50.533,1,58008,1730
0.000182,2,58008,1731
36.25,1,58044,1734
0.000155,2,58044,1734
50.892,1,58095,1737
0.000191,2,58095,1738
50.978,1,58146,1741
0.000283,2,58146,1741
36.246,1,58182,1745
0.000172,2,58182,1746
86.776,1,58269,1749
0.000169,2,58269,1749
117.54,1,58387,1752
0.000261,2,58387,1753
60.192,1,58447,1756
0.000179,2,58447,1756
73.838,1,58521,1760
0.000176,2,58521,1761
87.766,1,58609,1764
0.000274,2,58609,1764
84.556,1,58693,1767
0.000178,2,58693,1768
56.67,1,58750,1771
0.000275,2,58750,1771
200.8,1,58951,1775
0.000195,2,58951,1776
129.17,1,59080,1779
0.000286,2,59080,1779
81.221,1,59161,1782
0.000178,2,59161,1783
71.578,1,59233,1787
0.000256,2,59233,1787
106.7,1,59339,1790
0.000191,2,59339,1791
87.608,1,59427,1794
0.000271,2,59427,1794
87.535,1,59514,1798
0.000168,2,59514,1799
158.69,1,59673,1802
0.000268,2,59673,1802
79.447,1,59753,1806
0.000184,2,59753,1807
90.81,1,59843,1810
0.000165,2,59843,1810
75.193,1,59919,1813
0.000262,2,59919,1814
72.09,1,59991,1817
0.000177,2,59991,1817
75.118,1,60066,1821
0.000153,2,60066,1822
58.198,1,60124,1825
0.000265,2,60124,1825
46.512,1,60170,1828
0.000189,2,60170,1829
58.368,1,60229,1832
0.000154,2,60229,1832
48.051,1,60277,1836
0.000155,2,60277,1837
105.07,1,60382,1840
0.000282,2,60382,1840
54.113,1,60436,1843
0.000176,2,60436,1844
45.963,1,60482,1847
0.000163,2,60482,1847
156.35,1,60638,1850
0.000269,2,60638,1851
101.99,1,60740,1855
0.000202,2,60740,1855
59.796,1,60800,1858
0.000261,2,60800,1859
55.188,1,60855,1862
0.000249,2,60855,1862
63.287,1,60919,1865
0.000201,2,60919,1866
90.486,1,61009,1870
0.000268,2,61009,1870
57.238,1,61066,1873
0.000191,2,61066,1874
56.978,1,61123,1877
0.000174,2,61123,1877
78.895,1,61202,1880
0.000263,2,61202,1881
80.06,1,61282,1885
0.000196,2,61282,1885
71.52,1,61354,1888
0.000165,2,61354,1889
79.533,1,61433,1892
0.000324,2,61433,1892
98.396,1,61532,1896
0.000177,2,61532,1897
113.28,1,61645,1900
0.000269,2,61645,1900
120.41,1,61765,1903
0.000198,2,61765,1904
69.985,1,61835,1907
0.000275,2,61835,1907
79.648,1,61915,1911
0.000195,2,61915,1912
76.677,1,61992,1915
0.000155,2,61992,1915
57.367,1,62049,1919
0.000162,2,62049,1920
58.985,1,62108,1923
0.000176,2,62108,1923
82.155,1,62190,1926
0.000287,2,62190,1927
169.44,1,62360,1931
0.000248,2,62360,1931
102.05,1,62462,1934
0.000185,2,62462,1935
82.579,1,62544,1938
0.000286,2,62544,1938
35.972,1,62580,1942
0.000171,2,62580,1943
134.16,1,62714,1946
0.000195,2,62714,1946
63.737,1,62778,1949
0.000258,2,62778,1950
179.65,1,62958,1954
0.000185,2,62958,1954
174.55,1,63132,1957
0.00029,2,63132,1958
44.599,1,63177,1961
0.000175,2,63177,1961
159.99,1,63337,1965
0.000277,2,63337,1966
108.75,1,63446,1969
0.000267,2,63446,1969
169.59,1,63615,1972
0.000196,2,63615,1973
143.94,1,63759,1976
0.000298,2,63759,1976
533.77,1,64293,1980
0.000289,2,64293,1981
1058.1,1,65351,1984
0.000275,2,65351,1984
40.865,1,65392,1987
0.000162,2,65392,1988
46.003,1,65438,1991
0.000155,2,65438,1991
63.965,1,65502,1995
0.000153,2,65502,1996
38.951,1,65541,1999
0.00017,2,65541,1999
52.933,1,65594,2002
0.000154,2,65594,2003
54.096,1,65648,2007
0.000263,2,65648,2007
52.99,1,65701,2010
0.000162,2,65701,2011
50.773,1,65752,2014
0.000167,2,65752,2014
43.67,1,65795,2018
0.000156,2,65795,2019
110.05,1,65906,2022
0.000159,2,65906,2022
64.833,1,65970,2026
0.000263,2,65970,2027
66.713,1,66037,2030
0.000171,2,66037,2030
110.59,1,66148,2033
0.000158,2,66148,2034
70.031,1,66218,2038
0.000255,2,66218,2038
50.722,1,66268,2041
0.000181,2,66268,2042
42.653,1,66311,2045
0.00017,2,66311,2045
54.045,1,66365,2049
0.000274,2,66365,2050
47.647,1,66413,2053
0.000161,2,66413,2053
73.866,1,66487,2057
0.000183,2,66487,2058
88.181,1,66575,2061
0.000265,2,66575,2061
84.042,1,66659,2064
0.000194,2,66659,2065
43.686,1,66703,2068
0.000162,2,66703,2068
102.67,1,66805,2072
0.000275,2,66805,2073
129,1,66934,2076
0.000185,2,66934,2076
99.241,1,67033,2080
0.000164,2,67033,2081
94.734,1,67128,2084
0.000279,2,67128,2084
263.9,1,67392,2088
0.000279,2,67392,2089
94.628,1,67487,2092
0.000182,2,67487,2092
108.43,1,67595,2096
0.000266,2,67595,2097
95.115,1,67690,2100
0.000196,2,67690,2100
70.167,1,67760,2103
0.000161,2,67760,2104
55.302,1,67816,2108
0.000259,2,67816,2108
54.603,1,67870,2111
0.000233,2,67870,2112
76.617,1,67947,2116
0.000174,2,67947,2116
65.871,1,68013,2119
0.000155,2,68013,2120
71.242,1,68084,2123
0.000272,2,68084,2123
58.164,1,68142,2126
0.000191,2,68142,2127
47.2,1,68189,2131
0.000157,2,68189,2131
86.563,1,68276,2134
0.000297,2,68276,2135
67.739,1,68344,2139
0.000174,2,68344,2139
76.303,1,68420,2142
0.000168,2,68420,2143
104.86,1,68525,2146
0.000291,2,68525,2146
288.5,1,68813,2150
0.000292,2,68813,2151
69.187,1,68883,2154
0.000176,2,68883,2154
40.407,1,68923,2158
0.000265,2,68923,2159
71.371,1,68994,2162
0.000171,2,68994,2162
76.315,1,69071,2165
0.000288,2,69071,2166
114.13,1,69185,2170
0.0002,2,69185,2170
180.9,1,69366,2173
0.000299,2,69366,2174
98.815,1,69464,2177
0.000284,2,69464,2177
76.654,1,69541,2181
0.000191,2,69541,2182
93.35,1,69634,2185
0.000276,2,69634,2185
97.188,1,69732,2188
0.00018,2,69732,2189
106.34,1,69838,2193
0.000291,2,69838,2193
652.9,1,70491,2196
0.000288,2,70491,2197
667.67,1,71159,2201
0.000285,2,71159,2201
337.57,1,71496,2204
0.000361,2,71496,2205
251.26,1,71747,2208
0.000285,2,71747,2208
366.23,1,72114,2211
0.000284,2,72114,2212
1173.6,1,73287,2216
0.000286,2,73287,2216
1611.4,1,74899,2219
0.000293,2,74899,2220
1029,1,75928,2223
0.000283,2,75928,2223
269.63,1,76197,2226
0.000287,2,76197,2227
168.86,1,76366,2230
0.000305,2,76366,2230
113.91,1,76480,2234
0.00017,2,76480,2235
129.86,1,76610,2238
0.000274,2,76610,2238
86.521,1,76696,2241
0.000282,2,76696,2242
118.27,1,76815,2246
0.000289,2,76815,2246
92.158,1,76907,2249
0.000195,2,76907,2250
64.87,1,76972,2254
0.000288,2,76972,2254
89.748,1,77061,2257
0.000165,2,77061,2258
115.44,1,77177,2261
0.000297,2,77177,2261
81.232,1,77258,2264
0.00035,2,77258,2265
139.17,1,77397,2269
0.000316,2,77397,2269
167.78,1,77565,2272
0.000279,2,77565,2273
96.634,1,77662,2276
0.000174,2,77662,2276
148.22,1,77810,2279
0.00029,2,77810,2280
101.73,1,77912,2283
0.00028,2,77912,2283
139.41,1,78051,2287
0.000283,2,78051,2288
198.83,1,78250,2291
0.000274,2,78250,2291
123.38,1,78373,2295
0.00018,2,78373,2296
138.25,1,78512,2299
0.000389,2,78512,2299
248.78,1,78760,2302
0.000276,2,78760,2303
125.81,1,78886,2306
0.000283,2,78886,2306
113.51,1,79000,2310
0.000181,2,79000,2311
132.2,1,79132,2314
0.000291,2,79132,2314
120.24,1,79252,2317
0.000265,2,79252,2318
69.648,1,79322,2322
0.000175,2,79322,2322
122.34,1,79444,2325
0.000294,2,79444,2326
70.064,1,79514,2329
0.000221,2,79514,2329
76.568,1,79591,2333
0.000258,2,79591,2334
451.44,1,80042,2337
0.000293,2,80042,2337
287.31,1,80329,2340
0.000301,2,80329,2341
93.752,1,80423,2345
0.000284,2,80423,2345
240.64,1,80664,2348
0.000285,2,80664,2349
209.07,1,80873,2352
0.000307,2,80873,2352
121.27,1,80994,2355
0.000266,2,80994,2356
5.8307,1,81000,2357
